country_code,YEARS,GDP_USdollars_millions,GDP_per_capita_Usdollars
AFG,2008,10236.90159,387.3623381
AFG,2009,11595.13347,423.4071018
AFG,2010,14698.88968,521.4281911
AFG,2011,17350.69495,593.2032484
AFG,2012,19136.49934,628.1165389
AFG,2013,19621.80246,622.1005179
AFG,2014,19550.70257,597.5845786
AFG,2015,18713.04841,554.4032164
AFG,2016,18019.55818,520.252064
AFG,2017,18896.35202,530.1498308
AFG,2018,18418.8483,502.0567706
AFG,2019,18904.49026,500.5226642
AFG,2020,19793.26241,507.8811865
AFG,2021,17878.22421,445.8469844
ALB,2008,12881.35206,4364.06141
ALB,2009,12044.21039,4109.893153
ALB,2010,11926.94828,4093.8259
ALB,2011,12890.87332,4444.126505
ALB,2012,12319.7796,4259.667181
ALB,2013,12776.28074,4425.430822
ALB,2014,13228.24008,4586.606188
ALB,2015,11386.92485,3950.390255
ALB,2016,11861.35645,4117.00697
ALB,2017,13019.72986,4521.752217
ALB,2018,15156.43997,5268.116608
ALB,2019,15400.23716,5358.686194
ALB,2020,14909.61934,5200.699212
ALB,2021,17495.53798,6128.656843
DZA,2008,171000.6921,4946.563793
DZA,2009,137211.0084,3898.478923
DZA,2010,161207.3063,4495.921455
DZA,2011,200019.103,5473.446129
DZA,2012,209059.0831,5610.733341
DZA,2013,209755.0033,5519.777576
DZA,2014,213809.9795,5516.229431
DZA,2015,165979.1188,4197.417302
DZA,2016,160034.2117,3967.200637
DZA,2017,170096.9845,4134.935989
DZA,2018,175415.1804,4183.8231
DZA,2019,171158.2343,4007.885713
DZA,2020,147688.6938,3398.919016
DZA,2021,165547.6558,3747.289871
ARG,2008,365644.3766,9078.970897
ARG,2009,336359.3896,8267.539947
ARG,2010,426487.4349,10376.79218
ARG,2011,530158.1767,12768.51464
ARG,2012,581430.9044,13859.31173
ARG,2013,613316.0274,14469.00385
ARG,2014,567050.1453,13241.39338
ARG,2015,644903.2005,14908.6213
ARG,2016,557532.3174,12767.45535
ARG,2017,643628.3962,14609.78337
ARG,2018,517626.8539,11654.69362
ARG,2019,445445.2546,9955.080521
ARG,2020,383067.1587,8505.792843
ARG,2021,480679.3291,10616.46453
ARM,2008,12436.66419,4168.591756
ARM,2009,9222.356746,3111.145697
ARM,2010,9875.377779,3351.797591
ARM,2011,10815.77761,3692.682224
ARM,2012,10619.32069,3643.715404
ARM,2013,11121.46443,3833.157071
ARM,2014,11609.51324,4017.229913
ARM,2015,10553.33753,3666.141825
ARM,2016,10546.13624,3679.952349
ARM,2017,11527.45871,4041.995072
ARM,2018,12457.94071,4391.923274
ARM,2019,13619.29055,4828.504889
ARM,2020,12641.21087,4505.693908
ARM,2021,13800.92454,4944.841671
AUS,2008,1057010.486,49746.6493
AUS,2009,1014835.717,46851.05843
AUS,2010,1299463.076,59015.08524
AUS,2011,1546688.928,69181.31127
AUS,2012,1590707.559,69984.9854
AUS,2013,1543216.348,66771.84596
AUS,2014,1464444.525,62397.56259
AUS,2015,1247634.399,52377.07969
AUS,2016,1310104.587,54146.17194
AUS,2017,1416783.719,57615.47276
AUS,2018,1458952.689,58406.63179
AUS,2019,1380207.833,54430.67317
AUS,2020,1423472.702,55452.66358
AUS,2021,1716217.623,66209.31795
AUT,2008,430310.2271,51712.94948
AUT,2009,400148.1935,47962.5208
AUT,2010,391892.7465,46861.26507
AUT,2011,431120.3101,51377.67067
AUT,2012,409425.2342,48569.73487
AUT,2013,430068.713,50718.40733
AUT,2014,441996.1317,51719.25091
AUT,2015,381817.5659,44179.46845
AUT,2016,395568.6443,45277.76947
AUT,2017,417261.1518,47429.53584
AUT,2018,455168.1519,51486.62209
AUT,2019,445011.8727,50114.28824
AUT,2020,433258.4677,48638.22564
AUT,2021,475559.7354,53301.43069
AZE,2008,48851.31883,5428.107663
AZE,2009,44292.40882,4856.821881
AZE,2010,52905.99888,5727.491818
AZE,2011,65952.76395,7046.977807
AZE,2012,69679.91351,7345.881105
AZE,2013,74160.55301,7713.424796
AZE,2014,75239.73749,7723.328299
AZE,2015,53076.24475,5381.087076
AZE,2016,37867.00702,3795.716288
AZE,2017,40866.63205,4057.624007
AZE,2018,47112.47929,4640.470544
AZE,2019,48174.23529,4707.846979
AZE,2020,42607.17647,4142.6718
AZE,2021,53676.40688,5204.736596
BHS,2008,10526,29013.63029
BHS,2009,9982,27120.79922
BHS,2010,10095.8,27046.76483
BHS,2011,10070.4,26644.79428
BHS,2012,10720.49683,28059.64709
BHS,2013,10494.61519,27212.79706
BHS,2014,11142.94635,28635.463
BHS,2015,11890.63258,30279.40773
BHS,2016,11992.58573,30286.14293
BHS,2017,12359.74942,30975.26295
BHS,2018,12837.8494,31942.41788
BHS,2019,13164.42914,32540.35684
BHS,2020,9907.503061,24374.44015
BHS,2021,10908.3248,26742.25139
BHR,2008,25710.87441,23155.79457
BHR,2009,22938.22034,19448.18517
BHR,2010,25713.27128,21186.81433
BHR,2011,28776.60946,23741.56878
BHR,2012,30749.33253,25102.74596
BHR,2013,32539.5575,25790.80118
BHR,2014,33387.68617,25464.73981
BHR,2015,31050.6383,22795.44886
BHR,2016,32234.97413,22867.18163
BHR,2017,35473.78536,24349.91589
BHR,2018,37654.0236,25316.35242
BHR,2019,38473.7176,25748.91352
BHR,2020,33903.8846,22947.27307
BHR,2021,38313.0701,26183.27514
BGD,2008,91646.9401,630.2166791
BGD,2009,102126.4965,696.1264886
BGD,2010,114507.7977,771.6619636
BGD,2011,123506.2924,822.218668
BGD,2012,128899.3079,847.5163248
BGD,2013,153504.9348,996.5902507
BGD,2014,173061.5697,1109.644321
BGD,2015,194465.9811,1232.123051
BGD,2016,220315.8321,1378.830477
BGD,2017,245633.4889,1518.186976
BGD,2018,269627.6155,1647.245209
BGD,2019,301051.1018,1818.861609
BGD,2020,329484.1931,1967.998576
BGD,2021,365043.8423,2155.478999
BRB,2008,4784.95,17550.75467
BRB,2009,4465.65,16310.43387
BRB,2010,4529.93,16489.80201
BRB,2011,4657.7,16907.21126
BRB,2012,4610.095,16691.32902
BRB,2013,4677.25,16893.61241
BRB,2014,4696.345,16924.19268
BRB,2015,4715.005,16955.38742
BRB,2016,4829.32,17331.19444
BRB,2017,4985.965,17858.87237
BRB,2018,5122.9,18316.48122
BRB,2019,5297.95,18909.09415
BRB,2020,4439.724484,15817.01177
BRB,2021,4660.071093,16572.08781
BLR,2008,62807.17804,6416.867039
BLR,2009,50873.19016,5213.641376
BLR,2010,57231.90589,5881.142189
BLR,2011,61762.34255,6362.672653
BLR,2012,65685.90873,6776.109917
BLR,2013,75527.53444,7793.464734
BLR,2014,78813.05053,8130.304574
BLR,2015,56454.77726,5819.714748
BLR,2016,47723.54932,4915.843487
BLR,2017,54725.41881,5637.218565
BLR,2018,60031.0359,6191.59174
BLR,2019,64410.16947,6658.089989
BLR,2020,60258.85656,6254.980575
BLR,2021,66970.40511,6991.985534
BEL,2008,515242.61,48033.58362
BEL,2009,481316.9355,44560.78807
BEL,2010,480951.6295,44213.45586
BEL,2011,522645.5192,47705.16424
BEL,2012,496181.2603,44980.05693
BEL,2013,521642.7144,46981.05379
BEL,2014,534678.0758,47838.53692
BEL,2015,462149.6793,41086.16912
BEL,2016,475739.5888,42038.21534
BEL,2017,502764.7206,44162.25626
BEL,2018,543273.7946,47453.31585
BEL,2019,535288.7152,46504.10955
BEL,2020,521861.2926,45137.00626
BEL,2021,590422.8866,50848.46965
BLZ,2008,1352.588868,4424.982637
BLZ,2009,1320.605472,4203.460763
BLZ,2010,1387.925189,4308.908212
BLZ,2011,1466.82204,4451.146877
BLZ,2012,1531.348953,4543.266766
BLZ,2013,1581.844937,4589.208027
BLZ,2014,1676.406802,4757.991121
BLZ,2015,1734.320479,4819.283796
BLZ,2016,1796.928937,4892.091858
BLZ,2017,1844.906693,4923.782116
BLZ,2018,1887.465219,4940.154891
BLZ,2019,1945.250236,4999.42234
BLZ,2020,1585.631671,4015.060406
BLZ,2021,1691.662104,4228.827526
BEN,2008,7132.859564,800.8627846
BEN,2009,7097.232736,773.7500031
BEN,2010,6970.254725,737.9280886
BEN,2011,8292.591212,852.5876237
BEN,2012,9141.570859,912.8719448
BEN,2013,10888.94159,1056.283518
BEN,2014,12144.8772,1144.140903
BEN,2015,11379.54464,1040.864402
BEN,2016,11821.06585,1049.820303
BEN,2017,12701.65585,1095.274459
BEN,2018,14262.40808,1194.438214
BEN,2019,14391.68631,1170.965533
BEN,2020,15205.07006,1202.63562
BEN,2021,16578.28759,1275.557554
BOL,2008,16674.30956,1687.581864
BOL,2009,17340.02849,1725.149897
BOL,2010,19649.78622,1922.064684
BOL,2011,23963.16297,2304.982296
BOL,2012,27084.49748,2562.466784
BOL,2013,30659.33888,2853.797161
BOL,2014,32996.18801,3022.462884
BOL,2015,33000.19825,2975.648811
BOL,2016,33941.1262,3013.502708
BOL,2017,37508.68307,3280.01179
BOL,2018,40287.64793,3471.006951
BOL,2019,40895.32284,3472.380831
BOL,2020,36572.76486,3064.030537
BOL,2021,38364.68426,3176.023278
BIH,2008,19112.80123,4846.792109
BIH,2009,17613.94614,4542.310913
BIH,2010,17176.3208,4506.933664
BIH,2011,18644.23902,4980.906153
BIH,2012,17226.73626,4688.345896
BIH,2013,18179.10467,5025.240687
BIH,2014,18558.7312,5196.969423
BIH,2015,16211.61837,4599.922813
BIH,2016,16912.95767,4858.668683
BIH,2017,18080.61087,5255.95028
BIH,2018,20183.68819,5936.153655
BIH,2019,20202.63611,6011.417261
BIH,2020,19801.30292,5967.111002
BIH,2021,21841.0273,6677.287651
BWA,2008,10945.13971,5452.613291
BWA,2009,10267.08863,5010.787534
BWA,2010,12786.61232,6113.129224
BWA,2011,15351.91277,7193.836268
BWA,2012,14420.2595,6628.709103
BWA,2013,14901.69853,6720.717264
BWA,2014,16250.74039,7189.396982
BWA,2015,14420.57119,6255.749006
BWA,2016,15646.41611,6651.211398
BWA,2017,17405.49671,7246.734465
BWA,2018,18663.28104,7613.287313
BWA,2019,18362.4052,7345.837705
BWA,2020,15781.67508,6197.636931
BWA,2021,17529.19084,6772.150781
BRA,2008,1695855.392,8801.759476
BRA,2009,1666996.294,8569.901805
BRA,2010,2208838.109,11249.29374
BRA,2011,2616156.607,13200.55817
BRA,2012,2465228.294,12327.51556
BRA,2013,2472819.362,12258.56485
BRA,2014,2456043.766,12071.40465
BRA,2015,1802212,8783.214413
BRA,2016,1795693.266,8680.735421
BRA,2017,2063514.689,9896.717511
BRA,2018,1916933.708,9121.020092
BRA,2019,1886014.572,8905.415727
BRA,2020,1444733.21,6776.539665
BRA,2021,1604580.765,7486.628291
BRN,2008,15948.70209,41471.73476
BRN,2009,11892.30748,30468.79918
BRN,2010,13707.11627,34609.29792
BRN,2011,18524.79077,46138.26636
BRN,2012,19048.44309,46844.19672
BRN,2013,18094.15288,43949.6356
BRN,2014,17097.79571,41035.76022
BRN,2015,12930.29831,30681.45017
BRN,2016,11400.26688,26761.56678
BRN,2017,12128.16661,28186.94653
BRN,2018,13566.91277,31240.44445
BRN,2019,13469.24015,30748.32015
BRN,2020,12002.99824,27173.0109
BRN,2021,20235.94457,45435.94824
BGR,2008,54438.25645,7093.012839
BGR,2009,52023.83844,6814.098779
BGR,2010,50682.3625,6675.518978
BGR,2011,57679.91705,7646.682087
BGR,2012,54299.07033,7251.145291
BGR,2013,55811.38734,7510.447193
BGR,2014,57082.65593,7743.022812
BGR,2015,50782.02222,6947.635034
BGR,2016,53952.63121,7445.87598
BGR,2017,59200.84512,8242.455771
BGR,2018,66361.75916,9323.835968
BGR,2019,68913.7542,9771.491176
BGR,2020,69887.99767,10013.79069
BGR,2021,79552.4794,11553.00674
BFA,2008,9413.334399,619.3832772
BFA,2009,9412.811573,601.456763
BFA,2010,10099.76563,626.6589787
BFA,2011,12064.4876,726.6603145
BFA,2012,12561.73365,734.0148628
BFA,2013,13440.47942,762.0871222
BFA,2014,13924.47043,766.350661
BFA,2015,11823.20703,631.6484148
BFA,2016,12833.36304,665.7863285
BFA,2017,14106.95563,711.1845439
BFA,2018,16059.91207,787.5315167
BFA,2019,15990.80321,763.2244528
BFA,2020,17369.05916,807.0139378
BFA,2021,18729.25828,847.4515596
BDI,2008,1611.8367,194.7107365
BDI,2009,1775.497472,203.8607026
BDI,2010,2032.137629,222.6608502
BDI,2011,2235.809707,236.4501734
BDI,2012,2327.40167,237.5995773
BDI,2013,2451.62528,241.549503
BDI,2014,2705.829235,257.8229314
BDI,2015,2810.53164,262.0017585
BDI,2016,2930.086948,268.7332911
BDI,2017,3297.826848,295.6209363
BDI,2018,3317.319375,288.6263937
BDI,2019,3368.533752,283.66987
BDI,2020,3399.287173,278.1689057
BDI,2021,3670.008536,292.4026973
CPV,2008,1789.327998,3506.176319
CPV,2009,1711.81554,3319.800984
CPV,2010,1664.316428,3193.165982
CPV,2011,1864.823991,3535.070625
CPV,2012,1751.884566,3281.518449
CPV,2013,1850.950062,3428.066197
CPV,2014,1858.125075,3402.685844
CPV,2015,1596.152976,2890.71217
CPV,2016,1663.011131,2978.203796
CPV,2017,1769.786532,3132.620588
CPV,2018,1966.501562,3442.742781
CPV,2019,1981.846171,3434.563491
CPV,2020,1703.697924,2924.100515
CPV,2021,1889.510721,3213.863539
KHM,2008,10351.91778,742.3982307
KHM,2009,10401.8441,734.8145768
KHM,2010,11242.27882,782.6959844
KHM,2011,12829.54293,880.3104275
KHM,2012,14038.38334,949.3964374
KHM,2013,15449.62443,1029.99673
KHM,2014,16777.80805,1103.018204
KHM,2015,18049.95391,1170.742791
KHM,2016,20016.75623,1281.106507
KHM,2017,22177.20063,1400.899268
KHM,2018,24571.75358,1533.315985
KHM,2019,27097.96382,1671.914393
KHM,2020,25291.25131,1542.444792
KHM,2021,26748.90432,1612.446032
CMR,2008,26409.78384,1406.490382
CMR,2009,26017.92606,1346.734151
CMR,2010,26143.81737,1315.21129
CMR,2011,29337.00596,1434.651482
CMR,2012,29104.43531,1383.771815
CMR,2013,32348.1475,1495.325281
CMR,2014,34942.95207,1566.977685
CMR,2015,30905.25311,1342.968258
CMR,2016,32643.69677,1376.695603
CMR,2017,35009.2598,1435.206823
CMR,2018,38694.15976,1543.029475
CMR,2019,39007.35348,1512.948474
CMR,2020,39880.59493,1505.434448
CMR,2021,43772.99154,1609.382339
CAN,2008,1552932.411,46748.96502
CAN,2009,1374624.473,40918.85066
CAN,2010,1617266.735,47617.91114
CAN,2011,1792832.718,52233.34156
CAN,2012,1828685.326,52712.2033
CAN,2013,1847206.58,52681.46414
CAN,2014,1803534.114,50940.66043
CAN,2015,1556128.743,43549.85042
CAN,2016,1528244.723,42317.78611
CAN,2017,1649518.967,45125.10981
CAN,2018,1721905.663,46493.6912
CAN,2019,1741496.79,46411.96325
CAN,2020,1644037.286,43391.22402
CAN,2021,1989416.393,52140.36869
CHL,2008,179638.484,10781.67594
CHL,2009,172389.5,10240.89125
CHL,2010,218537.5655,12852.00444
CHL,2011,252251.992,14688.38151
CHL,2012,267122.3182,15403.40477
CHL,2013,278384.3453,15898.66006
CHL,2014,260541.63,14730.5953
CHL,2015,243919.0853,13649.54632
CHL,2016,250440.1364,13848.80624
CHL,2017,277034.6787,15081.98913
CHL,2018,297571.687,15911.69064
CHL,2019,279385.4784,14674.00396
CHL,2020,252940.0211,13105.48668
CHL,2021,314870.2616,16152.83894
CHN,2008,4594342.358,3453.958674
CHN,2009,5101694.837,3809.720952
CHN,2010,6087187.943,4515.077078
CHN,2011,7551542.528,5564.488744
CHN,2012,8532186.353,6243.546749
CHN,2013,9570466.872,6954.774166
CHN,2014,10475623.08,7562.591119
CHN,2015,11061569.7,7936.749007
CHN,2016,11233313.12,8012.979392
CHN,2017,12310491.94,8729.13693
CHN,2018,13894905.53,9805.380645
CHN,2019,14279965.56,10043.13018
CHN,2020,14722800.53,10332.29898
CHN,2021,17298592.64,12131.75673
HKG,2008,219278.7398,31100.38082
HKG,2009,214047.7957,30170.54471
HKG,2010,228638.6785,32056.1747
HKG,2011,248513.6177,34634.28722
HKG,2012,262628.8772,36304.49252
HKG,2013,275696.8798,37783.11858
HKG,2014,291459.9834,39642.64538
HKG,2015,309385.6226,41809.78321
HKG,2016,320839.705,43147.23705
HKG,2017,341241.9722,45733.57948
HKG,2018,361691.5226,48344.43142
HKG,2019,365708.2026,48786.31946
HKG,2020,349444.713,46586.67773
HKG,2021,370314.9824,49411.05189
COL,2008,242186.9498,5527.449953
COL,2009,232397.8354,5244.353266
COL,2010,286563.0998,6394.198705
COL,2011,334943.8774,7392.452361
COL,2012,370921.3179,8101.829092
COL,2013,382116.1209,8264.126896
COL,2014,381112.1105,8164.714495
COL,2015,293481.7531,6228.426299
COL,2016,282825.0124,5938.463856
COL,2017,311883.7304,6450.319585
COL,2018,334198.2181,6782.03792
COL,2019,323429.8859,6444.443171
COL,2020,271346.8966,5327.770855
COL,2021,313646.9977,6088.275024
COM,2008,911.9673952,1448.786114
COM,2009,901.7114473,1403.457232
COM,2010,907.0939552,1382.714588
COM,2011,1021.748134,1524.835628
COM,2012,1015.900498,1484.034834
COM,2013,1115.905293,1595.533974
COM,2014,1148.057907,1606.547199
COM,2015,965.6406887,1322.404177
COM,2016,1012.147429,1356.344178
COM,2017,1077.439756,1414.586689
COM,2018,1188.79745,1531.337811
COM,2019,1192.559711,1507.687508
COM,2020,1235.400317,1532.439122
COM,2021,1308.956375,1593.131142
COG,2008,11602.89419,2837.169533
COG,2009,9495.430274,2230.424542
COG,2010,13678.01191,3082.102171
COG,2011,16443.658,3587.016405
COG,2012,17693.92333,3754.075649
COG,2013,17953.61576,3718.593688
COG,2014,17759.77435,3591.561897
COG,2015,11750.61289,2320.244328
COG,2016,10152.11484,1957.289247
COG,2017,11011.6519,2072.843963
COG,2018,13360.10499,2455.422303
COG,2019,12525.04141,2248.365055
COG,2020,10100.20983,1771.29106
COG,2021,12393.65457,2123.726281
COD,2008,19788.57187,317.8901143
COD,2009,18648.38749,290.1559074
COD,2010,21565.74651,324.8281096
COD,2011,25839.72246,376.3745917
COD,2012,29306.26964,412.7767444
COD,2013,32671.70699,444.7549366
COD,2014,35909.05341,472.2664
COD,2015,37917.67844,482.0642119
COD,2016,40337.5124,495.3583254
COD,2017,37642.4645,446.618447
COD,2018,47146.00431,541.364522
COD,2019,47319.63027,526.3181751
COD,2020,45307.67395,487.9497047
COD,2021,51214.98661,534.078499
CRI,2008,30801.74995,6841.912585
CRI,2009,30745.71433,6737.860754
CRI,2010,37658.63624,8147.248622
CRI,2011,42762.61371,9137.455102
CRI,2012,47231.65543,9971.651656
CRI,2013,50949.66889,10633.26656
CRI,2014,52016.40892,10737.67888
CRI,2015,56441.92082,11529.95517
CRI,2016,58847.01959,11899.81398
CRI,2017,60516.04462,12118.13362
CRI,2018,62335.93133,12366.43936
CRI,2019,63951.11477,12577.58133
CRI,2020,61520.67463,12008.47428
CRI,2021,62535.28968,12133.45196
CIV,2008,24224.9055,1196.619651
CIV,2009,24277.49434,1174.087135
CIV,2010,26264.02294,1243.559219
CIV,2011,28594.74491,1326.107636
CIV,2012,31493.83047,1430.841059
CIV,2013,38803.85904,1726.974774
CIV,2014,46252.89237,2011.384042
CIV,2015,45779.97449,1940.097342
CIV,2016,47964.23334,1980.878092
CIV,2017,51588.15431,2076.147823
CIV,2018,58010.9919,2275.477336
CIV,2019,58539.60623,2238.817939
CIV,2020,61142.87972,2280.447509
CIV,2021,69155.90916,2516.750946
HRV,2008,70750.65606,16102.88271
HRV,2009,63084.00459,14395.74011
HRV,2010,60426.02046,13831.63628
HRV,2011,63169.9154,14515.67299
HRV,2012,57192.34348,13203.52976
HRV,2013,58889.08972,13666.99585
HRV,2014,58330.2977,13615.93813
HRV,2015,50163.19086,11789.74664
HRV,2016,52295.15343,12381.21126
HRV,2017,56214.4324,13408.43766
HRV,2018,62247.87836,14961.68797
HRV,2019,62246.20439,15072.62528
HRV,2020,57203.78367,13962.80517
HRV,2021,65381.69641,16103.33066
CYP,2008,27845.76561,35401.77613
CYP,2009,25943.83868,32110.35304
CYP,2010,25707.0787,30995.48207
CYP,2011,27528.8182,32356.07987
CYP,2012,24978.74833,28912.51799
CYP,2013,23892.69152,27719.99066
CYP,2014,23125.23445,27126.81117
CYP,2015,19834.55027,23399.09196
CYP,2016,20938.67751,24588.7746
CYP,2017,22870.73432,26609.16015
CYP,2018,25523.49744,29335.7363
CYP,2019,25758.99652,29207.48887
CYP,2020,24612.49863,27592.57922
CYP,2021,26888.84114,29882.81761
CZE,2008,236816.9482,22817.84981
CZE,2009,207434.2968,19904.43773
CZE,2010,209069.941,19978.49552
CZE,2011,229562.7334,21870.65972
CZE,2012,208857.7193,19870.27188
CZE,2013,211685.6166,20132.633
CZE,2014,209358.8342,19906.36219
CZE,2015,188033.0505,17867.4135
CZE,2016,196272.0686,18643.58794
CZE,2017,218628.941,20759.90971
CZE,2018,248950.1034,23631.6774
CZE,2019,252498.0322,23963.284
CZE,2020,245349.49,23297.93799
CZE,2021,283457.9285,26968.38014
DNK,2008,353358.9017,64214.95388
DNK,2009,321243.3011,58128.30748
DNK,2010,321995.2794,58008.29376
DNK,2011,344003.1376,61693.35554
DNK,2012,327148.9438,58409.45163
DNK,2013,343584.3916,61077.48921
DNK,2014,352993.6316,62469.52903
DNK,2015,302673.0708,53308.19756
DNK,2016,313115.9293,54866.6156
DNK,2017,332121.0638,57888.20351
DNK,2018,356841.2164,61879.77227
DNK,2019,347561.3492,59966.98847
DNK,2020,356084.8677,61123.72316
DNK,2021,394273.9625,67348.44532
DJI,2008,976.2042752,1105.696857
DJI,2009,1093.910617,1213.968455
DJI,2010,1243.651704,1352.9733
DJI,2011,1453.794455,1551.854595
DJI,2012,1705.189898,1786.854509
DJI,2013,2042.817163,2102.197948
DJI,2014,2216.200395,2240.652637
DJI,2015,2445.484583,2430.273501
DJI,2016,2618.587757,2559.061429
DJI,2017,2766.868072,2659.85416
DJI,2018,2923.362593,2765.198754
DJI,2019,3166.329057,2948.181328
DJI,2020,3423.458249,3140.337941
DJI,2021,3640.696384,3293.087905
DOM,2008,47657.82817,5004.524667
DOM,2009,48071.0681,4982.458973
DOM,2010,53159.5696,5437.899129
DOM,2011,57811.24304,5837.316059
DOM,2012,60657.84755,6047.110069
DOM,2013,62661.70777,6169.281593
DOM,2014,67170.25456,6532.727416
DOM,2015,71155.03523,6837.995773
DOM,2016,75682.40931,7188.957295
DOM,2017,79998.04598,7513.497951
DOM,2018,85555.39039,7947.159354
DOM,2019,88941.37198,8173.344646
DOM,2020,78844.65583,7167.914932
DOM,2021,93638.4472,8422.334668
ECU,2008,61762.635,4260.433184
ECU,2009,62519.686,4240.702593
ECU,2010,69555.367,4640.246344
ECU,2011,79276.664,5202.656459
ECU,2012,87924.544,5678.455721
ECU,2013,95129.659,6050.354611
ECU,2014,101726.331,6374.631486
ECU,2015,99290.381,6130.586676
ECU,2016,99937.696,6079.088736
ECU,2017,104295.862,6246.404252
ECU,2018,107562.008,6321.349401
ECU,2019,108108.009,6233.258167
ECU,2020,98808.01,5617.731831
ECU,2021,104701.4386,5882.851209
EGY,2008,164843.9945,1966.061436
EGY,2009,187956.4398,2198.293576
EGY,2010,214630.372,2459.878927
EGY,2011,231100.3084,2590.809064
EGY,2012,276536.2894,3030.854338
EGY,2013,270782.4593,2899.856265
EGY,2014,300949.1104,3148.256029
EGY,2015,317744.5607,3251.455264
EGY,2016,270253.5347,2708.384645
EGY,2017,195135.2993,1917.049576
EGY,2018,249751.0816,2407.453633
EGY,2019,317359.2932,3004.765068
EGY,2020,369308.7214,3436.544558
EGY,2021,405910.8527,3715.017037
SLV,2008,17986.88624,2964.171521
SLV,2009,17601.61601,2889.685232
SLV,2010,18447.92244,3017.307793
SLV,2011,20283.78366,3304.97478
SLV,2012,21386.15302,3471.051758
SLV,2013,21990.96205,3555.162431
SLV,2014,22593.4724,3638.518044
SLV,2015,23438.23794,3761.513349
SLV,2016,24191.43,3870.312982
SLV,2017,24979.19,3986.049014
SLV,2018,26020.85374,4145.862946
SLV,2019,26896.66102,4282.759818
SLV,2020,24638.72339,3915.426131
SLV,2021,28105.14119,4451.124145
EST,2008,24313.2062,18184.74658
EST,2009,19641.73712,14717.85072
EST,2010,19535.11535,14671.12419
EST,2011,23183.61605,17465.05165
EST,2012,23020.46678,17404.38502
EST,2013,25108.61509,19050.80274
EST,2014,26598.65788,20234.40988
EST,2015,22881.55819,17404.96433
EST,2016,24056.48777,18281.03387
EST,2017,26924.3851,20435.2059
EST,2018,30489.5009,23060.58089
EST,2019,31045.59175,23394.63403
EST,2020,30650.28547,23054.96544
EST,2021,35727.55375,26889.08471
SWZ,2008,3294.084181,3022.456056
SWZ,2009,3580.427986,3270.1377
SWZ,2010,4438.765108,4035.5345
SWZ,2011,4820.478599,4360.959894
SWZ,2012,4886.677642,4396.692629
SWZ,2013,4597.723865,4111.281186
SWZ,2014,4422.322926,3927.933568
SWZ,2015,4058.639148,3579.248871
SWZ,2016,3816.015732,3339.987372
SWZ,2017,4401.526105,3822.79341
SWZ,2018,4665.138448,4020.187765
SWZ,2019,4471.045112,3822.670501
SWZ,2020,3835.240301,3248.400508
SWZ,2021,4441.724572,3725.43203
ETH,2008,25608.60579,303.5737865
ETH,2009,28194.19994,324.984264
ETH,2010,26311.2972,294.8447839
ETH,2011,30479.44369,331.9552513
ETH,2012,42210.50959,446.9024622
ETH,2013,46542.02336,479.3977164
ETH,2014,54163.2482,543.0075618
ETH,2015,63078.65776,615.5703255
ETH,2016,72157.65333,685.3019391
ETH,2017,76794.51691,709.7594447
ETH,2018,80210.34597,721.7740628
ETH,2019,92561.90203,811.0885054
ETH,2020,96611.0227,824.3900647
ETH,2021,96280.33474,800.4482257
FJI,2008,3523.166619,3928.900215
FJI,2009,2870.571191,3184.629831
FJI,2010,3140.527461,3469.548185
FJI,2011,3774.772293,4155.613491
FJI,2012,3972.027667,4359.79192
FJI,2013,4189.863717,4586.84105
FJI,2014,4857.075446,5305.03238
FJI,2015,4682.442417,5105.148732
FJI,2016,4930.244731,5368.467353
FJI,2017,5353.491805,5825.224293
FJI,2018,5581.399255,6073.366211
FJI,2019,5496.254429,5984.174061
FJI,2020,4494.085849,4882.636279
FJI,2021,4906.548997,5306.614678
FIN,2008,284564.5178,53556.51666
FIN,2009,252481.3177,47291.64013
FIN,2010,249181.1905,46460.67493
FIN,2011,275243.6978,51083.00259
FIN,2012,258304.8346,47711.77724
FIN,2013,271285.2806,49878.96031
FIN,2014,274497.2308,50260.96246
FIN,2015,234440.081,42785.24494
FIN,2016,240607.907,43784.95325
FIN,2017,255647.9799,46412.76001
FIN,2018,275715.0875,49989.4909
FIN,2019,268782.4714,48678.92244
FIN,2020,269751.3129,48784.31575
FIN,2021,294801.5354,53251.79938
FRA,2008,2924967.757,45814.34952
FRA,2009,2695512.641,41962.93454
FRA,2010,2647971.898,40988.14073
FRA,2011,2867488.899,44149.43236
FRA,2012,2689568.359,41212.46171
FRA,2013,2817631.414,42990.41729
FRA,2014,2859225.677,43442.90429
FRA,2015,2444467.027,37004.7483
FRA,2016,2477754.06,37397.62663
FRA,2017,2601582.321,39163.1983
FRA,2018,2798151.192,42022.65641
FRA,2019,2736254.189,41003.32021
FRA,2020,2637133.901,39455.97006
FRA,2021,2946041.59,44028.22421
GAB,2008,15508.57636,9692.993503
GAB,2009,12065.15333,7296.550879
GAB,2010,14358.63101,8391.437702
GAB,2011,18186.51466,10260.37498
GAB,2012,17171.46726,9349.061096
GAB,2013,17590.67958,9247.418332
GAB,2014,18179.66861,9243.014158
GAB,2015,14372.29038,7085.121978
GAB,2016,14023.82932,6722.169009
GAB,2017,14929.64648,6975.769483
GAB,2018,16867.33232,7694.908751
GAB,2019,16874.40546,7523.862278
GAB,2020,15111.38202,6591.45075
GAB,2021,19002.68496,8116.715962
GMB,2008,1561.766955,857.8582394
GMB,2009,1450.142496,772.1249272
GMB,2010,1543.294945,796.6318386
GMB,2011,1409.693593,705.4774933
GMB,2012,1415.004744,686.5575605
GMB,2013,1375.609459,647.3855373
GMB,2014,1229.461733,561.6496397
GMB,2015,1378.176606,611.6712178
GMB,2016,1467.2548,633.1999829
GMB,2017,1504.954083,632.019763
GMB,2018,1670.686436,683.330812
GMB,2019,1805.852806,719.7835873
GMB,2020,1830.414409,711.1180904
GMB,2021,2013.302275,762.6387638
GEO,2008,13460.18448,3469.389751
GEO,2009,11326.5371,2937.989495
GEO,2010,12243.20209,3190.967257
GEO,2011,15107.49687,3953.122194
GEO,2012,16488.83613,4334.199041
GEO,2013,17190.03748,4540.39436
GEO,2014,17627.39011,4670.453778
GEO,2015,14953.67599,3965.301663
GEO,2016,15141.59862,4015.156976
GEO,2017,16242.68708,4306.234809
GEO,2018,17599.58539,4665.447805
GEO,2019,17476.97647,4634.805741
GEO,2020,15891.60371,4219.8553
GEO,2021,18349.05374,4882.690633
DEU,2008,3730166.005,45928.11686
DEU,2009,3397586.387,41810.9854
DEU,2010,3396354.076,41762.6845
DEU,2011,3744408.603,45986.89829
DEU,2012,3527344.944,43256.12244
DEU,2013,3732743.446,45699.27079
DEU,2014,3883920.155,47446.56615
DEU,2015,3356235.704,40893.18609
DEU,2016,3467498.002,42116.33755
DEU,2017,3690849.153,44670.22228
DEU,2018,3977289.455,47978.86583
DEU,2019,3888326.789,46763.84513
DEU,2020,3846413.929,46159.37408
DEU,2021,4227730.185,50687.00969
GHA,2008,37761.13094,1552.289562
GHA,2009,34385.60571,1378.1385
GHA,2010,42587.4188,1665.215512
GHA,2011,52369.94034,1998.399536
GHA,2012,55512.76998,2066.840236
GHA,2013,63702.35091,2314.294978
GHA,2014,54722.86533,1940.777789
GHA,2015,50033.91174,1733.019897
GHA,2016,56165.1729,1900.405937
GHA,2017,60403.02757,1998.626958
GHA,2018,67277.02764,2179.320722
GHA,2019,68353.47745,2168.417252
GHA,2020,68532.17975,2129.624791
GHA,2021,76190.58224,2320.546715
GRC,2008,354473.9332,32010.6557
GRC,2009,329980.3739,29847.63179
GRC,2010,296835.3479,26902.40944
GRC,2011,282625.6151,25682.20606
GRC,2012,242043.1553,22076.90745
GRC,2013,238839.7929,21882.78744
GRC,2014,235144.9561,21646.47217
GRC,2015,195604.8612,18100.43113
GRC,2016,193017.0428,17955.50468
GRC,2017,199844.4184,18690.62448
GRC,2018,212049.4591,19942.0723
GRC,2019,205144.1629,19400.76577
GRC,2020,188835.2016,17963.37844
GRC,2021,211477.3381,20246.04579
GTM,2008,38515.20075,2755.129708
GTM,2009,37134.98399,2604.243892
GTM,2010,40682.12624,2797.34496
GTM,2011,46898.39613,3161.664121
GTM,2012,49588.76701,3277.879692
GTM,2013,52996.44787,3436.27111
GTM,2014,57852.15046,3681.628337
GTM,2015,62186.06476,3886.36016
GTM,2016,66053.40265,4054.593728
GTM,2017,71653.75655,4322.031108
GTM,2018,73208.92854,4344.698153
GTM,2019,77020.03189,4502.426638
GTM,2020,77604.63225,4469.613125
GTM,2021,84091.72852,4775.637317
GIN,2008,6964.179242,712.0994216
GIN,2009,6716.904516,670.2612535
GIN,2010,6853.467848,667.2816034
GIN,2011,6785.137289,644.5025556
GIN,2012,7638.045174,707.9676734
GIN,2013,8376.613912,757.6922754
GIN,2014,8778.473634,774.5690388
GIN,2015,8794.202416,756.4255917
GIN,2016,8603.833168,721.1335165
GIN,2017,10324.66826,843.4642781
GIN,2018,11857.03036,944.4172685
GIN,2019,13513.80931,1049.40931
GIN,2020,15489.9858,1173.025848
GIN,2021,17785.90994,1314.368422
GUY,2008,3025.188904,4011.388854
GUY,2009,3165.661865,4213.814515
GUY,2010,3432.912791,4589.872865
GUY,2011,3691.384743,4960.005299
GUY,2012,4063.088529,5461.390076
GUY,2013,4167.800936,5576.250215
GUY,2014,4127.660158,5495.377084
GUY,2015,4279.840194,5668.429765
GUY,2016,4482.697337,5905.380196
GUY,2017,4748.174334,6220.978568
GUY,2018,4787.637006,6094.909837
GUY,2019,5173.764988,6477.302731
GUY,2020,5471.270983,6863.092395
GUY,2021,7586.914138,9429.810243
HTI,2008,10114.76651,1056.345231
HTI,2009,11343.66254,1165.767603
HTI,2010,11811.68344,1200.023107
HTI,2011,12934.04504,1299.340932
HTI,2012,13587.51314,1344.161915
HTI,2013,14385.50416,1401.931134
HTI,2014,14597.05529,1401.845748
HTI,2015,14227.61636,1346.832984
HTI,2016,13333.35578,1244.497265
HTI,2017,15237.36099,1402.614322
HTI,2018,15822.21444,1436.760766
HTI,2019,14006.80599,1255.040885
HTI,2020,15505.1865,1371.31506
HTI,2021,19208.23897,1677.931705
HND,2008,13881.73163,1713.418134
HND,2009,14587.49623,1762.34916
HND,2010,15839.34459,1874.271704
HND,2011,17710.29186,2053.96157
HND,2012,18528.54461,2107.344314
HND,2013,18499.73889,2064.551616
HND,2014,19756.53366,2164.424516
HND,2015,20979.79169,2257.225284
HND,2016,21717.60896,2295.536694
HND,2017,23136.24805,2403.306094
HND,2018,24067.75047,2457.686012
HND,2019,25089.93711,2519.366193
HND,2020,23827.85969,2354.12148
HND,2021,27886.95173,2713.175295
HUN,2008,158374.389,15800.29241
HUN,2009,131114.2506,13100.18641
HUN,2010,132231.1342,13240.55785
HUN,2011,141999.9602,14266.69998
HUN,2012,128857.3705,12986.8697
HUN,2013,135732.5957,13717.7916
HUN,2014,141078.9848,14296.75721
HUN,2015,125210.3246,12719.13813
HUN,2016,128636.1083,13105.93431
HUN,2017,143136.2456,14622.2401
HUN,2018,160586.8338,16426.03859
HUN,2019,163526.4914,16734.53799
HUN,2020,155808.4362,15979.41334
HUN,2021,180781.9973,18618.5357
ISL,2008,18074.61956,56889.41209
ISL,2009,13154.4162,41262.28418
ISL,2010,13751.16192,43197.41251
ISL,2011,15221.62293,47672.89895
ISL,2012,14751.50813,45957.86059
ISL,2013,16125.06052,49765.019
ISL,2014,17867.66218,54533.7689
ISL,2015,17517.21052,52912.49477
ISL,2016,20793.16803,61944.34507
ISL,2017,24728.28518,71961.53204
ISL,2018,26267.06376,74422.33021
ISL,2019,24857.74045,68901.14156
ISL,2020,21718.07573,59230.73869
ISL,2021,25348.75831,68448.18423
IND,2008,1267470.121,1050.330292
IND,2009,1315230.23,1074.850493
IND,2010,1669619.795,1345.8016
IND,2011,1871918.501,1488.459732
IND,2012,1860877.236,1460.098786
IND,2013,1917053.696,1484.785136
IND,2014,2042939.29,1562.780452
IND,2015,2146758.594,1622.808186
IND,2016,2290591.031,1711.137642
IND,2017,2624329.038,1937.924539
IND,2018,2761338.203,2017.042757
IND,2019,2889949.138,2089.454096
IND,2020,2664748.748,1908.31661
IND,2021,3171346.868,2253.074975
IDN,2008,543253.8728,2283.188055
IDN,2009,574505.1357,2384.023732
IDN,2010,755094.1576,3094.443079
IDN,2011,892969.1045,3613.800888
IDN,2012,917869.9134,3668.212084
IDN,2013,912524.1367,3602.885517
IDN,2014,890814.7555,3476.624854
IDN,2015,860854.2327,3322.581679
IDN,2016,931877.364,3558.818852
IDN,2017,1015618.744,3839.785075
IDN,2018,1042271.533,3902.661675
IDN,2019,1119091.262,4151.195619
IDN,2020,1058423.841,3893.29708
IDN,2021,1185330.664,4329.924555
IRN,2008,430445.2344,5870.903751
IRN,2009,439380.4182,5911.794202
IRN,2010,523803.5561,6949.406477
IRN,2011,649566.7408,8508.533691
IRN,2012,648486.4013,8386.563279
IRN,2013,577535.5194,7360.991721
IRN,2014,472394.8131,5907.765574
IRN,2015,417210.1989,5100.940322
IRN,2016,466083.1179,5594.817006
IRN,2017,503710.0105,5960.707147
IRN,2018,526365.3931,6147.867105
IRN,2019,653592.8189,7550.382303
IRN,2020,939316.2364,10760.84499
IRN,2021,1410912.236,16047.05599
IRQ,2008,123638.473,4231.530589
IRQ,2009,128635.8198,4246.942781
IRQ,2010,138516.7226,4430.426242
IRQ,2011,185749.6644,5736.898959
IRQ,2012,218000.9925,6437.459098
IRQ,2013,234637.6751,6612.902252
IRQ,2014,228415.6562,6215.986033
IRQ,2015,166774.1049,4416.942923
IRQ,2016,166602.4887,4305.202702
IRQ,2017,187217.652,4725.193371
IRQ,2018,227367.469,5601.467061
IRQ,2019,235097.2081,5656.335366
IRQ,2020,166756.9844,3918.439906
IRQ,2021,202449.3033,4650.415782
IRL,2008,274337.074,61615.66053
IRL,2009,235495.2796,52334.70338
IRL,2010,221659.743,48990.07158
IRL,2011,238662.8334,52516.84033
IRL,2012,225509.7091,49404.58734
IRL,2013,238211.5472,51911.15019
IRL,2014,258625.193,55953.23428
IRL,2015,291462.7997,62468.45094
IRL,2016,298725.2292,63345.77152
IRL,2017,335430.8301,70293.60707
IRL,2018,385041.7113,79644.46246
IRL,2019,399122.0636,81519.71298
IRL,2020,425888.9514,86105.68234
IRL,2021,487449.3619,97753.29797
ISR,2008,216710.1343,30632.47727
ISR,2009,207951.4995,28883.34414
ISR,2010,234654.6714,32019.70833
ISR,2011,262293.7926,35161.20885
ISR,2012,258417.1957,34037.61693
ISR,2013,294167.3236,38071.65249
ISR,2014,310945.0735,39541.09395
ISR,2015,300078.2586,37473.34886
ISR,2016,319024.6334,39100.90471
ISR,2017,355277.448,42756.82507
ISR,2018,373641.2905,44184.00539
ISR,2019,397934.6037,46228.89733
ISR,2020,407100.8545,46486.02522
ISR,2021,468731.8273,52666.14832
ITA,2008,2398945.461,40506.14997
ITA,2009,2191109.883,36786.52405
ITA,2010,2134017.843,35672.525
ITA,2011,2291991.046,38183.3352
ITA,2012,2087077.032,34674.7301
ITA,2013,2141315.327,35503.61554
ITA,2014,2159133.92,35793.00433
ITA,2015,1835899.237,30480.00436
ITA,2016,1875797.464,31201.60237
ITA,2017,1961796.197,32694.40623
ITA,2018,2091932.426,34936.91364
ITA,2019,2009383.867,33642.28092
ITA,2020,1888709.444,31742.70697
ITA,2021,2095083.221,35365.82689
JAM,2008,13709.40461,5056.259177
JAM,2009,12120.45932,4452.12124
JAM,2010,13220.54575,4835.789564
JAM,2011,14444.83023,5259.993187
JAM,2012,14806.90247,5365.17547
JAM,2013,14286.52375,5151.770347
JAM,2014,13899.22283,4991.563365
JAM,2015,14197.70311,5080.687975
JAM,2016,14077.10252,5022.702262
JAM,2017,14808.98527,5273.149061
JAM,2018,15730.7922,5594.493348
JAM,2019,15830.76295,5626.169187
JAM,2020,13812.42186,4897.26477
JAM,2021,14885.1418,5264.054929
JPN,2008,5106679.413,39871.75039
JPN,2009,5289493.735,41286.41789
JPN,2010,5759071.769,44955.71908
JPN,2011,6233147.172,48693.70158
JPN,2012,6272362.996,49058.91331
JPN,2013,5212328.181,40823.71638
JPN,2014,4896994.405,38414.80883
JPN,2015,4444930.652,34930.43664
JPN,2016,5003677.628,39400.94226
JPN,2017,4930837.369,38928.9526
JPN,2018,5036891.741,39894.31858
JPN,2019,5148781.948,40931.0224
JPN,2020,5057758.959,40382.99821
JPN,2021,4953196.811,39748.78619
JOR,2008,22658.73036,3416.126068
JOR,2009,24537.87612,3618.892627
JOR,2010,27133.80425,3914.701234
JOR,2011,29524.14916,4152.493982
JOR,2012,31634.56167,4386.461816
JOR,2013,34454.44018,4477.618326
JOR,2014,36847.64359,4255.89431
JOR,2015,38587.01794,4064.253016
JOR,2016,39892.55115,4003.404749
JOR,2017,41408.4507,4053.539531
JOR,2018,42932.39437,4104.488382
JOR,2019,44502.8169,4159.653754
JOR,2020,43697.1831,3998.380332
JOR,2021,45780.95584,4106.549536
KAZ,2008,133441.6492,8238.910207
KAZ,2009,115308.6872,7030.00202
KAZ,2010,148047.3482,8903.584287
KAZ,2011,192626.4642,11421.72619
KAZ,2012,207998.5689,12161.6221
KAZ,2013,236634.6039,13642.23798
KAZ,2014,221415.614,12585.94039
KAZ,2015,184388.4044,10338.04357
KAZ,2016,137278.3201,7593.435165
KAZ,2017,166805.789,9107.697679
KAZ,2018,179339.9775,9674.129883
KAZ,2019,181667.1158,9686.713055
KAZ,2020,171082.2853,9014.17856
KAZ,2021,190722.4435,9935.289833
KEN,2008,39324.98748,1003.523945
KEN,2009,40557.88715,1004.792415
KEN,2010,43819.59874,1055.438835
KEN,2011,45959.95592,1077.982894
KEN,2012,55224.26778,1262.967406
KEN,2013,60358.41632,1347.515638
KEN,2014,67316.28907,1468.766152
KEN,2015,70120.44666,1496.653568
KEN,2016,74815.1438,1562.076611
KEN,2017,82064.79841,1676.56633
KEN,2018,92202.97994,1845.783413
KEN,2019,100554.2057,1973.529816
KEN,2020,101013.7454,1943.10339
KEN,2021,107041.3337,2019.433897
KOR,2008,1047339.042,21639.85072
KOR,2009,943941.8762,19427.46166
KOR,2010,1144066.977,23437.73161
KOR,2011,1253223.016,25487.61696
KOR,2012,1278427.605,25756.99802
KOR,2013,1370795.179,27362.14845
KOR,2014,1484318.173,29358.69517
KOR,2015,1465773.246,28743.80749
KOR,2016,1500111.551,29236.25061
KOR,2017,1623901.466,31524.94267
KOR,2018,1724755.499,33375.75394
KOR,2019,1651222.574,31874.52755
KOR,2020,1637895.757,31592.35317
KOR,2021,1798528.323,34700.4341
KWT,2008,147380.2802,55595.68913
KWT,2009,105967.8435,37905.90171
KWT,2010,115416.0475,39212.3982
KWT,2011,154040.737,48997.87266
KWT,2012,174047.1996,51270.83296
KWT,2013,174167.6267,47762.72232
KWT,2014,162656.2261,43241.41801
KWT,2015,114584.5703,29314.94096
KWT,2016,109406.5001,27026.72996
KWT,2017,120687.7507,29258.31745
KWT,2018,138202.3599,32012.14679
KWT,2019,136191.6327,30666.19367
KWT,2020,105948.7652,24297.70115
KWT,2021,138827.7462,32664.47587
KGZ,2008,5139.958956,961.5640612
KGZ,2009,4690.061344,866.2703567
KGZ,2010,4794.361821,874.2814385
KGZ,2011,6197.765942,1116.244756
KGZ,2012,6605.142864,1172.798563
KGZ,2013,7335.033799,1282.447216
KGZ,2014,7468.102369,1284.411209
KGZ,2015,6678.177483,1129.027906
KGZ,2016,6813.095396,1132.063295
KGZ,2017,7702.938395,1258.390778
KGZ,2018,8271.106196,1329.013284
KGZ,2019,8871.019823,1402.83375
KGZ,2020,7735.934995,1204.060188
KGZ,2021,8482.457623,1299.44724
LAO,2008,5731.763439,934.1416696
LAO,2009,6056.946699,972.2335081
LAO,2010,7313.450659,1156.566063
LAO,2011,8741.715072,1362.417326
LAO,2012,10191.35507,1565.780232
LAO,2013,11942.23383,1809.225968
LAO,2014,13268.42171,1982.89067
LAO,2015,14390.44613,2120.164695
LAO,2016,15805.69248,2293.550997
LAO,2017,17071.17271,2439.464874
LAO,2018,18141.66442,2553.363701
LAO,2019,18740.56151,2598.505795
LAO,2020,19082.03057,2607.048826
LAO,2021,19191.33703,2584.672013
LVA,2008,35852.15271,16672.225
LVA,2009,26413.37478,12422.42843
LVA,2010,23964.00339,11403.12219
LVA,2011,27711.8557,13342.4182
LVA,2012,28175.71597,13719.91724
LVA,2013,30200.88194,14866.39925
LVA,2014,31345.14867,15586.5444
LVA,2015,27252.12863,13681.09652
LVA,2016,28064.53335,14220.86377
LVA,2017,30483.80602,15593.84039
LVA,2018,34429.02344,17786.98586
LVA,2019,34308.78383,17901.27798
LVA,2020,33707.32082,17768.26403
LVA,2021,38853.08053,20733.59656
LBN,2008,29118.91611,5957.696754
LBN,2009,35399.58293,7149.791498
LBN,2010,38443.90704,7695.245415
LBN,2011,39927.12596,7914.109568
LBN,2012,44035.99189,8503.886845
LBN,2013,46909.33555,8260.356813
LBN,2014,48133.41484,7671.468154
LBN,2015,50065.94609,7824.099943
LBN,2016,51389.31829,8210.967674
LBN,2017,53324.80096,8728.531899
LBN,2018,55276.15755,9288.800714
LBN,2019,53556.29782,9262.739408
LBN,2020,63545.99816,11221.41307
LBY,2008,86710.719,13921.89594
LBY,2009,60800.76322,9559.581343
LBY,2010,75417.83752,11617.0636
LBY,2011,48236.34402,7794.97658
LBY,2012,92514.19097,15760.85858
LBY,2013,75203.03863,12564.78894
LBY,2014,57144.59624,9371.401753
LBY,2015,48522.03295,7835.94824
LBY,2016,49806.99346,7928.277542
LBY,2017,66121.84998,10366.752
LBY,2018,76231.11281,11768.06866
LBY,2019,59830.23858,9107.845501
LBY,2020,29153.29214,4381.356516
LBY,2021,47093.69783,6992.095178
LTU,2008,47842.63519,14837.78738
LTU,2009,37386.78227,11755.07912
LTU,2010,37138.46473,11831.23286
LTU,2011,43582.24887,14059.70611
LTU,2012,42943.44216,14018.49881
LTU,2013,46514.47118,15360.49143
LTU,2014,48574.53194,16218.93687
LTU,2015,41418.87298,13975.08675
LTU,2016,43018.08724,14663.55904
LTU,2017,47758.73693,16443.29802
LTU,2018,53750.91187,18688.6369
LTU,2019,54697.37902,19198.23993
LTU,2020,56546.95748,20050.21421
LTU,2021,65253.95992,23416.62444
LUX,2008,58607.06181,119940.3682
LUX,2009,54248.94523,108962.5066
LUX,2010,56159.19276,110752.3473
LUX,2011,61615.545,118901.6434
LUX,2012,59779.80278,112667.7211
LUX,2013,65184.74472,120030.981
LUX,2014,68713.29439,123569.7268
LUX,2015,60047.43068,105455.8957
LUX,2016,62174.65037,106581.887
LUX,2017,65712.18034,110203.0082
LUX,2018,71285.0194,117261.8769
LUX,2019,70195.7155,113223.8267
LUX,2020,73353.13279,116359.8495
LUX,2021,84977.29278,132918.0377
MDG,2008,10725.13772,522.8306219
MDG,2009,9616.879408,455.4073737
MDG,2010,9982.711338,459.375408
MDG,2011,11551.81962,516.9025392
MDG,2012,11578.97506,504.1737378
MDG,2013,12423.55546,526.6880197
MDG,2014,12522.9574,517.1361832
MDG,2015,11323.0207,455.6380345
MDG,2016,11848.61386,464.6161584
MDG,2017,13176.31359,503.4980587
MDG,2018,13760.03328,512.5439915
MDG,2019,14104.66468,512.2796656
MDG,2020,13008.30733,460.8760233
MDG,2021,14109.99866,487.9709497
MWI,2008,5321.011778,383.0981156
MWI,2009,6191.126455,432.978243
MWI,2010,6959.657612,472.8535173
MWI,2011,8405.772738,554.9795702
MWI,2012,6310.237537,404.989146
MWI,2013,6127.678293,382.3877897
MWI,2014,7255.818612,440.3346027
MWI,2015,8215.964597,485.0341065
MWI,2016,7123.811133,409.2821454
MWI,2017,8943.543794,500.1655537
MWI,2018,9877.060547,537.7353801
MWI,2019,11146.1237,590.7629518
MWI,2020,11762.38776,607.0264094
MWI,2021,12118.14291,609.265968
MYS,2008,230811.5913,8343.302548
MYS,2009,202257.4582,7167.877376
MYS,2010,255017.6452,8880.14604
MYS,2011,297951.6677,10209.37191
MYS,2012,314443.0612,10601.51091
MYS,2013,323276.2817,10727.67055
MYS,2014,338066.2029,11045.58364
MYS,2015,301354.7837,9699.58491
MYS,2016,301255.3321,9555.647334
MYS,2017,319109.1032,9979.704757
MYS,2018,358712.378,11071.6188
MYS,2019,364684.0318,11117.05309
MYS,2020,336664.4283,10140.49697
MYS,2021,370217.8565,11026.9627
MDV,2008,2271.646188,6743.130963
MDV,2009,2345.294879,6719.330268
MDV,2010,2588.176058,7158.061421
MDV,2011,2774.350161,7409.331698
MDV,2012,2886.163937,7447.415451
MDV,2013,3295.00923,8222.558019
MDV,2014,3697.304619,8872.012198
MDV,2015,4109.416452,9434.311914
MDV,2016,4379.134275,9640.319196
MDV,2017,4754.185598,10063.00371
MDV,2018,5300.958485,10823.62817
MDV,2019,5607.747339,11115.27932
MDV,2020,3742.777384,7275.468345
MDV,2021,4490.588079,8611.617218
MLI,2008,9750.823479,670.1082452
MLI,2009,10181.02197,677.2613031
MLI,2010,10678.749,687.6569345
MLI,2011,12978.10717,809.1223441
MLI,2012,12442.74702,753.4352315
MLI,2013,13245.77667,778.9785321
MLI,2014,14388.38546,819.7662911
MLI,2015,13094.84923,722.9567972
MLI,2016,14026.04833,750.051809
MLI,2017,15365.71306,795.6828021
MLI,2018,17070.86758,856.3565959
MLI,2019,17281.79553,840.2508517
MLI,2020,17331.94249,816.6184427
MLI,2021,19021.67212,868.3719189
MLT,2008,9090.713187,21990.06095
MLT,2009,8695.780707,20928.47342
MLT,2010,9027.012209,21556.78669
MLT,2011,9626.120009,22726.10733
MLT,2012,9462.367398,22010.26594
MLT,2013,10547.9694,24108.26672
MLT,2014,11610.37964,26006.52637
MLT,2015,11087.00787,24282.781
MLT,2016,11688.15201,24990.43631
MLT,2017,13510.30906,28176.00332
MLT,2018,15328.31716,31181.35414
MLT,2019,15725.93012,31224.85555
MLT,2020,14911.25598,28933.78192
MLT,2021,16372.33315,31081.90852
MRT,2008,5206.437123,1610.236957
MRT,2009,4714.59549,1418.940825
MRT,2010,5628.878865,1646.130447
MRT,2011,6764.627665,1919.452248
MRT,2012,6728.208835,1850.384967
MRT,2013,7223.071177,1929.775661
MRT,2014,6581.015977,1712.390846
MRT,2015,6166.86396,1562.726853
MRT,2016,6398.747532,1579.200702
MRT,2017,6800.135962,1634.642174
MRT,2018,7352.533586,1721.61775
MRT,2019,7889.655285,1799.709635
MRT,2020,7915.985515,1759.653776
MRT,2021,9203.236875,1994.212075
MUS,2008,9990.356849,7831.372698
MUS,2009,9128.843109,7132.644233
MUS,2010,10003.67069,7795.088317
MUS,2011,11518.41343,8955.132207
MUS,2012,11668.69653,9054.309833
MUS,2013,12129.65876,9397.80223
MUS,2014,12803.43896,9908.915834
MUS,2015,11692.28707,9041.688854
MUS,2016,12232.46939,9453.872323
MUS,2017,13259.34821,10240.92712
MUS,2018,14181.93016,10948.07641
MUS,2019,14045.80822,10835.48234
MUS,2020,10920.59891,8414.519419
MUS,2021,11063.69673,8517.644907
MEX,2008,1109987.401,10119.82106
MEX,2009,900047.0157,8104.922573
MEX,2010,1057800.584,9399.964588
MEX,2011,1180487.188,10341.4999
MEX,2012,1201093.819,10376.09077
MEX,2013,1274443.91,10865.68724
MEX,2014,1315356.131,11076.13411
MEX,2015,1171870.073,9753.400562
MEX,2016,1078493.059,8875.082069
MEX,2017,1158912.015,9434.378179
MEX,2018,1222346.161,9856.528543
MEX,2019,1268868.332,10144.02348
MEX,2020,1073438.817,8519.470503
MEX,2021,1278324.423,10088.97069
MDA,2008,7266.815625,1906.088997
MDA,2009,6528.290074,1741.113216
MDA,2010,6974.982393,1896.310408
MDA,2011,8414.351672,2340.48867
MDA,2012,8709.138748,2483.223397
MDA,2013,9496.717702,2779.638318
MDA,2014,9510.198962,2848.784233
MDA,2015,7745.241913,2363.236185
MDA,2016,8071.469355,2502.685744
MDA,2017,9669.741743,3040.315517
MDA,2018,11457.44317,3646.733796
MDA,2019,11971.34502,3849.937183
MDA,2020,11914.35363,3862.218654
MDA,2021,13211.6856,4315.420451
MNG,2008,6520.09735,2475.465861
MNG,2009,5314.958099,1993.074657
MNG,2010,7189.48318,2660.288612
MNG,2011,10409.8263,3793.754194
MNG,2012,12292.75623,4402.299364
MNG,2013,12582.09462,4422.29104
MNG,2014,12226.53982,4211.948099
MNG,2015,11749.62813,3963.110579
MNG,2016,11186.73486,3692.534007
MNG,2017,11425.7551,3690.453614
MNG,2018,13108.75999,4143.109126
MNG,2019,13996.71919,4330.091971
MNG,2020,13137.12849,3987.793741
MNG,2021,15358.26835,4587.595114
MNE,2008,4545.842916,7198.872015
MNE,2009,4159.079832,6589.351141
MNE,2010,4138.958868,6558.906936
MNE,2011,4538.508593,7183.594169
MNE,2012,4087.788971,6457.282227
MNE,2013,4464.52766,7042.441565
MNE,2014,4587.712603,7232.785747
MNE,2015,4053.084542,6393.220681
MNE,2016,4373.94508,6906.985207
MNE,2017,4856.612346,7679.191234
MNE,2018,5506.908975,8720.984036
MNE,2019,5542.182456,8791.588867
MNE,2020,4789.456724,7613.817585
MNE,2021,5667.915766,9027.370422
MAR,2008,92506.95939,2924.197338
MAR,2009,92897.32038,2899.156664
MAR,2010,93217.22195,2871.326338
MAR,2011,101370.7876,3080.83257
MAR,2012,98265.83544,2946.310192
MAR,2013,106825.6001,3160.19095
MAR,2014,110080.7682,3214.168127
MAR,2015,101179.3078,2917.473229
MAR,2016,103311.9017,2942.750017
MAR,2017,109682.7519,3087.21
MAR,2018,118096.1969,3287.068702
MAR,2019,119870.737,3301.823212
MAR,2020,114724.4936,3126.964664
MAR,2021,130255.2967,3513.14179
MOZ,2008,12556.17324,574.7697436
MOZ,2009,11914.47151,531.0269672
MOZ,2010,11104.64906,481.2681969
MOZ,2011,14381.55218,605.2734578
MOZ,2012,16350.81427,667.7178213
MOZ,2013,16974.3144,672.2039927
MOZ,2014,17716.09147,680.3753161
MOZ,2015,15950.97885,594.2268999
MOZ,2016,11936.99339,430.9929559
MOZ,2017,13219.07958,462.699973
MOZ,2018,14845.40059,504.535826
MOZ,2019,15390.03104,508.1634038
MOZ,2020,14028.81107,449.9552098
MOZ,2021,16095.24597,501.7679285
MMR,2008,27926.2672,573.0876619
MMR,2009,35792.93278,730.2320169
MMR,2010,44847.43558,908.0084728
MMR,2011,60983.27877,1224.698548
MMR,2012,65032.40908,1294.997202
MMR,2013,66022.60995,1303.54949
MMR,2014,70085.08532,1372.268308
MMR,2015,63835.16884,1239.904282
MMR,2016,66970.65762,1290.569013
MMR,2017,68209.18234,1304.481669
MMR,2018,73617.22876,1397.812805
MMR,2019,74278.687,1400.422136
MMR,2020,70283.80301,1315.604562
MMR,2021,49254.93235,915.5517946
NAM,2008,8486.697952,4163.10104
NAM,2009,8876.218195,4292.343266
NAM,2010,11282.15876,5374.322208
NAM,2011,12409.57491,5819.698038
NAM,2012,13016.20176,6005.251175
NAM,2013,12161.82978,5516.795016
NAM,2014,12424.23736,5539.113606
NAM,2015,11335.16175,4965.673055
NAM,2016,10722.01874,4614.892079
NAM,2017,12887.50127,5450.334513
NAM,2018,13681.02175,5686.966574
NAM,2019,12565.5192,5135.818371
NAM,2020,10710.34689,4302.902853
NAM,2021,12602.23938,4980.82501
NPL,2008,12840.24955,477.6604182
NPL,2009,14179.39334,524.6392235
NPL,2010,18364.61113,676.1248762
NPL,2011,21111.60473,774.2718329
NPL,2012,20639.06074,755.1605069
NPL,2013,20961.66197,765.5395016
NPL,2014,22430.48921,816.7796459
NPL,2015,23667.15789,857.1850527
NPL,2016,24288.43149,871.7658856
NPL,2017,29443.01418,1044.692515
NPL,2018,31731.89006,1113.137498
NPL,2019,34268.25439,1188.528887
NPL,2020,33078.66723,1127.094199
NPL,2021,36733.31279,1223.017355
NLD,2008,948032.7737,57593.46456
NLD,2009,868024.955,52492.38247
NLD,2010,846554.8949,50944.75142
NLD,2011,904085.9808,54132.11367
NLD,2012,838971.307,49982.50594
NLD,2013,876923.5189,51989.40052
NLD,2014,890981.3111,52552.61616
NLD,2015,765264.9498,44906.99752
NLD,2016,783528.1817,45754.79301
NLD,2017,833869.6417,48460.51296
NLD,2018,914043.4382,52877.54352
NLD,2019,910194.3476,52420.69996
NLD,2020,913865.3958,52416.89799
NLD,2021,1006524.999,57510.14067
NZL,2008,133128.8612,31249.15321
NZL,2009,121374.6991,28207.74222
NZL,2010,146517.5412,33710.57225
NZL,2011,168291.3571,38411.55544
NZL,2012,176206.6597,39953.58569
NZL,2013,190905.7551,42893.9621
NZL,2014,201313.4972,44595.65819
NZL,2015,178064.4711,38789.01647
NZL,2016,188838.3425,40453.09893
NZL,2017,206623.7588,43534.08938
NZL,2018,211953.111,43805.3058
NZL,2019,213434.5714,43039.54588
NZL,2020,212043.8591,41896.51984
NZL,2021,235282.572,45866.48997
NIC,2008,8496.967421,1493.908203
NIC,2009,8298.702543,1438.090746
NIC,2010,8758.60236,1495.730913
NIC,2011,9774.3295,1644.803084
NIC,2012,10532.01744,1746.427423
NIC,2013,10982.98817,1794.788029
NIC,2014,11880.43866,1913.522087
NIC,2015,12756.69629,2025.323142
NIC,2016,13286.0932,2079.449762
NIC,2017,13785.89285,2127.277953
NIC,2018,13025.22184,1981.85637
NIC,2019,12611.20556,1892.459392
NIC,2020,12621.46594,1868.215231
NIC,2021,13672.88775,1995.884668
NGA,2008,337035.4653,2211.772691
NGA,2009,291880.1227,1863.908233
NGA,2010,363359.8258,2257.554427
NGA,2011,410334.5569,2479.906139
NGA,2012,459375.9746,2701.005188
NGA,2013,514966.2055,2947.276553
NGA,2014,568498.7882,3169.260267
NGA,2015,494582.6039,2688.01051
NGA,2016,404649.1254,2144.780345
NGA,2017,375769.7194,1942.003452
NGA,2018,421821.3194,2126.248165
NGA,2019,474516.65,2334.019506
NGA,2020,429898.7658,2063.572797
NGA,2021,459031.0902,2151.022701
MKD,2008,9909.546094,4749.984586
MKD,2009,9401.730652,4498.894219
MKD,2010,9407.160111,4492.804619
MKD,2011,10494.6298,5004.355923
MKD,2012,9745.267306,4641.757287
MKD,2013,10817.71203,5145.863782
MKD,2014,11362.25667,5397.000541
MKD,2015,10064.51304,4774.522994
MKD,2016,10672.46461,5057.570298
MKD,2017,11307.06119,5353.775388
MKD,2018,12683.06803,6001.004042
MKD,2019,12547.04516,5934.721217
MKD,2020,12263.69988,5809.228618
MKD,2021,14050.21504,6679.986039
NOR,2008,462250,96935.10999
NOR,2009,386188.3382,79969.43969
NOR,2010,428757.0385,87685.02022
NOR,2011,498283.4385,100590.9564
NOR,2012,509506.3171,101514.3719
NOR,2013,522761.5319,102892.2834
NOR,2014,498410.0503,97006.13463
NOR,2015,385801.5501,74330.4602
NOR,2016,368819.9295,70431.31686
NOR,2017,398393.9553,75490.68844
NOR,2018,436999.6926,82261.55288
NOR,2019,405510,75820.65184
NOR,2020,362522.3471,67385.35244
NOR,2021,479744.4329,88791.88753
OMN,2008,60905.45246,22974.27732
OMN,2009,48388.36352,17937.97954
OMN,2010,56913.06578,19748.35674
OMN,2011,67872.69258,21164.7783
OMN,2012,76511.05993,21640.31971
OMN,2013,78555.63737,20582.19116
OMN,2014,80686.85474,20125.08889
OMN,2015,68399.66332,16317.58551
OMN,2016,65480.50717,14888.46407
OMN,2017,70598.02628,15543.8784
OMN,2018,79788.76897,17341.02291
OMN,2019,76331.51867,16583.82927
OMN,2020,63367.60187,13947.17961
OMN,2021,73811.41923,16328.25854
PAK,2008,151087.4753,812.595529
PAK,2009,161537.6317,849.6470342
PAK,2010,174507.9237,897.4229216
PAK,2011,211671.5757,1065.803915
PAK,2012,214641.6582,1061.500676
PAK,2013,220268.6163,1072.714676
PAK,2014,248949.3866,1195.425885
PAK,2015,267035.2924,1265.754283
PAK,2016,277521.0274,1299.71308
PAK,2017,302709.7234,1398.974979
PAK,2018,284149.9411,1293.169019
PAK,2019,253087.564,1133.431172
PAK,2020,257829.183,1134.827823
PAK,2021,293934.8618,1270.234109
PAN,2008,25155.88862,7197.110791
PAN,2009,27116.63557,7618.438449
PAN,2010,29440.28758,8124.558302
PAN,2011,34686.2243,9403.439908
PAN,2012,40429.73438,10767.30234
PAN,2013,45599.99401,11932.31082
PAN,2014,49921.46437,12837.26451
PAN,2015,54091.71378,13669.53765
PAN,2016,57907.69541,14382.23124
PAN,2017,62202.7252,15185.97863
PAN,2018,64928.27326,15588.06682
PAN,2019,66787.86684,15779.64841
PAN,2020,52938.07427,12327.24562
PAN,2021,59786.70907,13740.06906
PNG,2008,11670.89135,1635.039363
PNG,2009,11619.45506,1578.96844
PNG,2010,14250.78579,1879.240443
PNG,2011,17985.13844,2303.82666
PNG,2012,21295.16521,2653.092359
PNG,2013,21261.33805,2578.498645
PNG,2014,23210.82399,2742.25005
PNG,2015,21723.43963,2502.073747
PNG,2016,20758.87495,2332.675664
PNG,2017,22742.6964,2495.140473
PNG,2018,24215.85349,2595.697745
PNG,2019,24828.8335,2601.925065
PNG,2020,23619.09812,2422.561051
PNG,2021,25249.80515,2537.812456
PRY,2008,24615.54936,4360.47901
PRY,2009,22360.96184,3921.205028
PRY,2010,27260.8866,4725.726374
PRY,2011,33756.23917,5776.281917
PRY,2012,33271.92114,5617.104918
PRY,2013,38501.12244,6410.814752
PRY,2014,40377.9296,6629.417042
PRY,2015,36211.44784,5861.401895
PRY,2016,36089.70002,5759.042166
PRY,2017,38997.12981,6136.058354
PRY,2018,40225.44865,6242.961502
PRY,2019,37906.94421,5805.021941
PRY,2020,35304.2381,5334.017975
PRY,2021,38659.63868,5766.82545
PER,2008,120612.0896,4187.020587
PER,2009,120850.7365,4165.92707
PER,2010,147527.6315,5047.204643
PER,2011,171761.737,5826.832307
PER,2012,192649.9911,6475.719417
PER,2013,201175.5416,6697.187683
PER,2014,200786.2408,6614.830499
PER,2015,189802.9619,6180.118799
PER,2016,191898.1279,6163.861179
PER,2017,211007.9523,6676.307788
PER,2018,222574.5145,6911.405464
PER,2019,228473.2783,6960.373063
PER,2020,203195.587,6101.098204
PER,2021,218318.6106,6475.324356
PHL,2008,181624.6279,1990.356146
PHL,2009,175974.7542,1893.281623
PHL,2010,208368.8923,2201.776819
PHL,2011,234216.7307,2431.199965
PHL,2012,261920.5426,2671.777538
PHL,2013,283902.8297,2847.567954
PHL,2014,297483.5533,2935.928578
PHL,2015,306445.8716,2974.29692
PHL,2016,318627.004,3038.152046
PHL,2017,328480.7381,3077.434432
PHL,2018,346841.8969,3194.672704
PHL,2019,376823.4048,3413.849067
PHL,2020,361489.3543,3222.08937
PHL,2021,388586.7876,3412.238044
POL,2008,533599.8533,13851.50398
POL,2009,439731.6361,11405.22333
POL,2010,479834.179,12431.78979
POL,2011,528292.7499,13678.95297
POL,2012,498517.1898,12906.30187
POL,2013,521013.5153,13495.18874
POL,2014,542469.9309,14060.22836
POL,2015,477811.9114,12393.59069
POL,2016,472632.3621,12265.93419
POL,2017,526504.2336,13663.78954
POL,2018,587409.0345,15248.87894
POL,2019,597284.4538,15516.46087
POL,2020,596617.9811,15525.45797
POL,2021,668183.2748,17442.51994
PRT,2008,262354.4978,24794.96168
PRT,2009,243686.9558,23008.12615
PRT,2010,237880.9083,22466.17863
PRT,2011,244797.2266,23170.96624
PRT,2012,216236.6088,20550.73574
PRT,2013,226369.5021,21632.06508
PRT,2014,229596.1708,22058.79756
PRT,2015,199313.8943,19228.70524
PRT,2016,206286.0228,19964.28472
PRT,2017,221357.8747,21475.35585
PRT,2018,242313.1166,23548.78544
PRT,2019,239986.9226,23322.5188
PRT,2020,228539.245,22192.1717
PRT,2021,249814.2654,24277.13945
QAT,2008,115270.0072,79811.56469
QAT,2009,97798.48194,60734.06261
QAT,2010,125122.3694,73021.34653
QAT,2011,167775.2686,92992.99712
QAT,2012,186833.5024,98041.36224
QAT,2013,198727.643,97630.82552
QAT,2014,206224.5986,93126.14946
QAT,2015,161739.9556,66984.9102
QAT,2016,151732.1819,58467.23557
QAT,2017,161099.1222,59407.69805
QAT,2018,183334.9538,66264.08117
QAT,2019,175837.551,62637.27511
QAT,2020,146400.5193,53036.26825
QAT,2021,185666.263,69066.23231
ROU,2008,214317.1741,10405.00502
ROU,2009,174102.2685,8506.770418
ROU,2010,166309.3552,8178.39339
ROU,2011,183326.239,9066.451785
ROU,2012,170635.8053,8473.695457
ROU,2013,190800.3906,9508.382291
ROU,2014,199960.856,10000.12483
ROU,2015,177730.6899,8928.463001
ROU,2016,188129.5909,9502.540731
ROU,2017,211695.8579,10746.60834
ROU,2018,241456.3821,12314.94132
ROU,2019,249880.1182,12798.47458
ROU,2020,248716.0397,12792.69384
ROU,2021,281432.9481,14560.47155
RUS,2008,1677107.161,11720.92816
RUS,2009,1234615.149,8623.803667
RUS,2010,1539845.082,10749.91024
RUS,2011,2045922.756,14270.77235
RUS,2012,2208295.138,15374.95612
RUS,2013,2292470.14,15924.70164
RUS,2014,2059241.614,14272.03531
RUS,2015,1363482.201,9424.879963
RUS,2016,1276786.364,8798.799405
RUS,2017,1574199.379,10822.77025
RUS,2018,1657327.992,11378.6605
RUS,2019,1687449.693,11578.31223
RUS,2020,1483497.644,10187.64494
RUS,2021,1769867.253,12197.33735
RWA,2008,5176.935125,529.2309591
RWA,2009,5671.486723,564.678936
RWA,2010,6120.409602,593.6939759
RWA,2011,6881.484483,650.6125295
RWA,2012,7651.045362,705.794246
RWA,2013,7815.834873,704.0436409
RWA,2014,8240.673796,724.8721744
RWA,2015,8525.953149,732.2840481
RWA,2016,8690.996221,728.4443713
RWA,2017,9252.814353,756.5460249
RWA,2018,9641.23042,769.3407384
RWA,2019,10357.47454,806.9693763
RWA,2020,10332.05429,785.9249795
RWA,2021,10557.72486,784.2677683
LCA,2008,1437.907407,8529.727882
LCA,2009,1401.537037,8259.494113
LCA,2010,1486.637037,8697.089754
LCA,2011,1577.414815,9163.291497
LCA,2012,1605.777778,9275.304278
LCA,2013,1665.811111,9574.837687
LCA,2014,1756.062963,10045.89691
LCA,2015,1809.977778,10306.04065
LCA,2016,1865.514815,10574.70149
LCA,2017,1996.77037,11270.8092
LCA,2018,2065.125926,11609.13567
LCA,2019,2118.792593,11864.4697
LCA,2020,1616.774074,9020.314299
LCA,2021,1775.402956,9882.510845
STP,2008,188.0211693,1080.556592
STP,2009,187.821049,1054.416201
STP,2010,197.4540252,1084.090224
STP,2011,233.21351,1253.539539
STP,2012,252.5605814,1329.798137
STP,2013,302.9254965,1563.429949
STP,2014,348.8995655,1766.606913
STP,2015,318.2573722,1582.393808
STP,2016,347.5474729,1698.402366
STP,2017,378.598871,1819.871902
STP,2018,415.3558306,1965.306943
STP,2019,430.633136,2006.687524
STP,2020,476.4621677,2179.19863
STP,2021,516.1556389,2313.489218
SAU,2008,519796.7375,18944.85731
SAU,2009,429097.9001,15064.63131
SAU,2010,528207.3326,17958.94899
SAU,2011,671238.8401,22262.61366
SAU,2012,735974.8433,23878.58529
SAU,2013,746647.1274,23716.26062
SAU,2014,756350.3473,23543.56634
SAU,2015,654269.7396,19977.79469
SAU,2016,644935.682,19300.05001
SAU,2017,688586.0944,20138.14633
SAU,2018,786521.8899,22460.41757
SAU,2019,792966.8382,22132.9954
SAU,2020,700117.9233,19449.28306
SAU,2021,830324.874,23096.40411
SEN,2008,17320.69964,1458.839654
SEN,2009,16533.03843,1355.719484
SEN,2010,16724.6139,1334.752785
SEN,2011,18599.11064,1444.492387
SEN,2012,18395.46207,1390.242914
SEN,2013,19209.97013,1412.95847
SEN,2014,19770.92307,1415.21025
SEN,2015,17761.40271,1237.195512
SEN,2016,19040.31908,1290.750429
SEN,2017,20996.56985,1385.199669
SEN,2018,23116.70154,1484.227069
SEN,2019,23306.21322,1456.567227
SEN,2020,24412.4903,1485.29521
SEN,2021,27510.8306,1630.105293
SRB,2008,57376.2058,6023.0126
SRB,2009,50178.48694,5290.020235
SRB,2010,47158.19423,4992.233924
SRB,2011,55591.45044,5901.267486
SRB,2012,49473.0942,5261.549128
SRB,2013,55127.68189,5881.948071
SRB,2014,54127.18504,5806.535759
SRB,2015,45949.26269,4952.166658
SRB,2016,47370.80135,5124.48561
SRB,2017,51359.84401,5584.688426
SRB,2018,58519.42727,6399.916366
SRB,2019,59413.44747,6537.632391
SRB,2020,61069.51705,6763.930218
SRB,2021,72121.30219,8050.350415
SLE,2008,2505.45874,411.3472876
SLE,2009,2453.899847,392.0066748
SLE,2010,2578.02628,400.5199995
SLE,2011,2942.546757,445.0053585
SLE,2012,3801.862575,560.0373944
SLE,2013,4920.343197,706.4526642
SLE,2014,5015.180997,702.3386257
SLE,2015,4248.107974,580.7573213
SLE,2016,3862.721373,515.4478539
SLE,2017,3739.577962,487.0786456
SLE,2018,4085.114769,519.6500123
SLE,2019,4121.733685,512.21844
SLE,2020,3786.610511,459.8766464
SLE,2021,4035.934306,479.2906272
SGP,2008,193617.3463,40016.79611
SGP,2009,194150.322,38747.11458
SGP,2010,239807.922,46442.09203
SGP,2011,279356.5264,52894.96885
SGP,2012,295092.84,54839.72603
SGP,2013,307576.3606,56147.00119
SGP,2014,314863.5808,56523.37631
SGP,2015,307998.5453,54512.84319
SGP,2016,318753.11,55804.77047
SGP,2017,343331.535,59559.77263
SGP,2018,375969.9248,64660.3375
SGP,2019,374397.7422,63820.64351
SGP,2020,339988.2104,57528.89114
SGP,2021,385221.1333,64840.47179
SVK,2008,96733.21108,17974.68485
SVK,2009,89040.92554,16522.94456
SVK,2010,90712.6719,16809.77475
SVK,2011,99362.72049,18391.37622
SVK,2012,94258.57269,17425.3358
SVK,2013,98541.30546,18198.71751
SVK,2014,100954.7194,18627.81327
SVK,2015,88601.28984,16333.70901
SVK,2016,89614.05314,16499.85337
SVK,2017,95393.51508,17537.4521
SVK,2018,105612.7925,19390.07472
SVK,2019,105284.3756,19304.33494
SVK,2020,105172.5645,19274.0907
SVK,2021,114904.0168,21092.50914
SVN,2008,55554.56702,27312.52001
SVN,2009,50365.02248,24621.41384
SVN,2010,48161.25041,23410.07862
SVN,2011,51516.36665,24941.92153
SVN,2012,46580.45747,22509.66121
SVN,2013,48401.89681,23355.77304
SVN,2014,49930.68501,24063.94329
SVN,2015,43090.17339,20707.84771
SVN,2016,44736.33352,21404.73944
SVN,2017,48589.10004,23155.39711
SVN,2018,54163.5917,25719.63266
SVN,2019,54178.87761,25641.93855
SVN,2020,53589.60958,25306.27693
SVN,2021,59896.2187,28260.79838
ZAF,2008,286769.0403,5671.204099
ZAF,2009,295937.3738,5783.327507
ZAF,2010,375348.3169,7248.216463
ZAF,2011,416417.0322,7940.324764
ZAF,2012,396329.3897,7457.50576
ZAF,2013,366644.8914,6805.648453
ZAF,2014,350637.6437,6406.733424
ZAF,2015,317415.6388,5680.663894
ZAF,2016,296340.9986,5252.19878
ZAF,2017,349006.6896,6161.709748
ZAF,2018,368093.9324,6419.537417
ZAF,2019,351430.9912,6050.074172
ZAF,2020,302141.2436,5138.288132
ZAF,2021,376600.9209,6340.909618
ESP,2008,1625285.047,35358.00427
ESP,2009,1485494.011,32037.20919
ESP,2010,1420722.034,30505.42137
ESP,2011,1478772.824,31645.56234
ESP,2012,1324820.091,28334.71143
ESP,2013,1354757.433,29069.89014
ESP,2014,1369398.845,29471.90525
ESP,2015,1195119.27,25739.49446
ESP,2016,1232076.017,26511.4726
ESP,2017,1312539.279,28175.65021
ESP,2018,1420994.143,30368.28596
ESP,2019,1393046.093,29556.6633
ESP,2020,1281484.64,27056.20011
ESP,2021,1416075.462,29820.31715
LKA,2008,46595.31033,2296.95999
LKA,2009,48143.07418,2350.451763
LKA,2010,56725.75485,2744.543552
LKA,2011,65292.7457,3130.083899
LKA,2012,68434.43185,3256.123767
LKA,2013,74317.78894,3516.877109
LKA,2014,79356.45832,3736.275288
LKA,2015,80604.07656,3777.720448
LKA,2016,82401.05507,3845.934897
LKA,2017,87428.11756,4065.135897
LKA,2018,87963.06544,4076.004239
LKA,2019,83990.93287,3879.549025
LKA,2020,80676.69943,3715.238587
LKA,2021,82286.65217,3779.221308
SUR,2008,3563.31249,6673.644675
SUR,2009,3942.37724,7300.874355
SUR,2010,4481.826042,8207.270073
SUR,2011,4576.029269,8287.716056
SUR,2012,5197.312552,9312.327749
SUR,2013,5416.395893,9604.441363
SUR,2014,5563.824213,9766.543813
SUR,2015,5126.238146,8907.838127
SUR,2016,3140.683445,5401.439918
SUR,2017,3392.950425,5774.654844
SUR,2018,3771.43099,6352.258222
SUR,2019,3977.099088,6625.174851
SUR,2020,4119.779981,6786.390224
SUR,2021,3165.540924,5164.140923
SWE,2008,517706.2147,56093.94444
SWE,2009,436535.9211,46932.21569
SWE,2010,495812.5588,52848.74023
SWE,2011,574094.113,60639.1238
SWE,2012,552483.7273,57815.45405
SWE,2013,586841.8218,60819.35512
SWE,2014,581964.0172,59703.87685
SWE,2015,505103.7813,51282.96107
SWE,2016,515654.6715,51807.31926
SWE,2017,541018.7498,53788.8775
SWE,2018,555455.3715,54658.44157
SWE,2019,533879.5292,51994.89529
SWE,2020,541063.6043,52181.04175
SWE,2021,621861.4632,59411.07293
CHE,2008,575929.5698,75052.5034
CHE,2009,563160.311,72478.05827
CHE,2010,609055.5506,77504.14503
CHE,2011,728386.3458,91653.53883
CHE,2012,698144.1298,86917.70528
CHE,2013,719139.8357,88507.6337
CHE,2014,741054.0413,90098.99361
CHE,2015,708418.0939,85155.75013
CHE,2016,701837.9524,83447.75796
CHE,2017,710952.8279,83744.20912
CHE,2018,742378.5632,86801.35411
CHE,2019,738402.6466,85720.53008
CHE,2020,759119.7458,87482.70885
CHE,2021,817560.4599,93644.7638
TJK,2008,5161.241429,704.6422198
TJK,2009,4979.375409,666.7083624
TJK,2010,5642.175856,740.2701988
TJK,2011,6522.755783,837.8814952
TJK,2012,7698.884167,967.6363159
TJK,2013,8653.589037,1063.537399
TJK,2014,9477.768271,1138.28635
TJK,2015,8271.431932,970.3625997
TJK,2016,6992.416097,801.39384
TJK,2017,7536.403147,844.3652499
TJK,2018,7765.000282,850.6669582
TJK,2019,8300.81389,889.0233718
TJK,2020,7996.848138,837.9623473
TJK,2021,8091.16696,829.8578307
TZA,2008,28517.09586,665.1856273
TZA,2009,29743.73597,676.6409141
TZA,2010,32373.46786,717.6477424
TZA,2011,34914.5012,752.2078138
TZA,2012,40379.783,845.0104053
TZA,2013,46749.83004,949.1649184
TZA,2014,51239.54449,1008.363598
TZA,2015,48562.17452,924.23992
TZA,2016,51035.87394,938.1283719
TZA,2017,54723.79521,972.5729839
TZA,2018,58624.28953,1009.18992
TZA,2019,62832.5066,1049.437116
TZA,2020,66463.13281,1077.11939
TZA,2021,72391.54715,1138.440695
THA,2008,291382.9856,4327.797517
THA,2009,281710.5417,4154.186142
THA,2010,341104.6716,4996.370711
THA,2011,370818.7684,5396.644004
THA,2012,397558.3939,5748.633713
THA,2013,420333.6917,6041.134481
THA,2014,407339.0976,5822.378603
THA,2015,401296.1837,5708.793316
THA,2016,413366.3458,5854.463852
THA,2017,456356.8128,6436.789649
THA,2018,506610.8522,7122.543338
THA,2019,544263.7387,7632.601498
THA,2020,501795.3915,7020.506888
THA,2021,504490.9538,7045.8545
TLS,2008,648.492746,621.7118848
TLS,2009,726.88239,682.1727856
TLS,2010,881.827795,810.1416049
TLS,2011,1042.411479,936.5983444
TLS,2012,1160.389491,1019.964815
TLS,2013,1395.519628,1201.423633
TLS,2014,1447.307074,1221.531421
TLS,2015,1594.410884,1322.270438
TLS,2016,1650.618495,1347.925622
TLS,2017,1615.609697,1299.520764
TLS,2018,1583.876223,1255.20664
TLS,2019,2047.931733,1599.399372
TLS,2020,1902.156815,1463.203178
TLS,2021,2016.397385,1526.484422
TGO,2008,3310.278255,531.9867948
TGO,2009,3365.711862,526.0055697
TGO,2010,3426.022057,521.3173536
TGO,2011,4062.85763,602.0232766
TGO,2012,4274.977329,617.1795293
TGO,2013,5009.185153,704.9006095
TGO,2014,5565.286562,763.5831654
TGO,2015,5345.703674,715.3137786
TGO,2016,6071.167584,792.4405508
TGO,2017,6387.424244,813.3950071
TGO,2018,6973.511022,866.6321873
TGO,2019,6894.331919,836.3767196
TGO,2020,7145.736991,846.3925709
TGO,2021,7876.207331,911.0888522
TTO,2008,27965.05218,20078.25384
TTO,2009,19240.48332,13731.52077
TTO,2010,22198.33092,15740.19278
TTO,2011,25519.70883,17971.37282
TTO,2012,25781.7127,18024.41783
TTO,2013,27294.45325,18944.89057
TTO,2014,27642.52575,19055.12435
TTO,2015,25191.55135,17252.39567
TTO,2016,22373.56681,15227.0537
TTO,2017,23180.10775,15676.99041
TTO,2018,23820.91063,15830.90859
TTO,2019,23886.5193,15715.28058
TTO,2020,21392.53614,14091.21524
TTO,2021,21291.42881,13955.52544
TUN,2008,44859.45204,4200.17378
TUN,2009,43455.7405,4029.461206
TUN,2010,44050.92916,4043.200958
TUN,2011,45811.16886,4152.372771
TUN,2012,45044.37888,4031.039466
TUN,2013,46252.26022,4093.017505
TUN,2014,47633.09232,4167.75825
TUN,2015,43172.98158,3735.404664
TUN,2016,41800.63624,3577.086035
TUN,2017,39802.14307,3369.795128
TUN,2018,39770.97952,3332.845293
TUN,2019,39195.27109,3252.904779
TUN,2020,39218.11765,3224.717226
TUN,2021,43223.63687,3524.735155
UGA,2008,18201.2461,596.5692699
UGA,2009,24918.91151,793.2796066
UGA,2010,30700.90672,949.266122
UGA,2011,28412.31585,853.3319145
UGA,2012,30832.65608,899.6116678
UGA,2013,23468.3145,665.3229176
UGA,2014,38986.72257,1072.934397
UGA,2015,29296.8316,781.7208769
UGA,2016,30517.25634,787.5766711
UGA,2017,31578.95983,786.9736819
UGA,2018,34065.70458,820.5559546
UGA,2019,37718.3567,878.2110514
UGA,2020,38702.21987,871.5811038
UGA,2021,42587.08689,928.7585179
UKR,2008,188110.3758,4083.768601
UKR,2009,121552.1482,2650.2803
UKR,2010,136012.4803,2977.309301
UKR,2011,163160.4328,3584.672476
UKR,2012,175780.7338,3871.291435
UKR,2013,183310.1464,4045.947554
UKR,2014,133503.8672,2957.022358
UKR,2015,91030.96876,2023.694531
UKR,2016,93355.86898,2082.276095
UKR,2017,112190.3286,2512.253016
UKR,2018,130901.8953,2945.126348
UKR,2019,153929.5525,3481.695171
UKR,2020,155581.868,3543.225949
ARE,2008,319597.3504,45730.68472
ARE,2009,256860.7571,32137.14475
ARE,2010,289787.4527,34165.91331
ARE,2011,350666.0584,40893.02336
ARE,2012,374590.6577,43230.46715
ARE,2013,390107.5285,44574.30854
ARE,2014,403137.2075,45624.65405
ARE,2015,358134.9444,40163.62016
ARE,2016,357045.156,39696.98863
ARE,2017,385605.5069,42522.37762
ARE,2018,422215.0436,46193.35196
ARE,2019,417215.5595,45292.12926
ARE,2020,358868.7652,38640.85259
ARE,2021,418278.6569,44663.34017
GBR,2008,2939064.694,47420.61943
GBR,2009,2425725.615,38822.7821
GBR,2010,2491110.093,39540.92795
GBR,2011,2674891.474,42105.35694
GBR,2012,2719158.341,42452.56465
GBR,2013,2803291.406,43430.75016
GBR,2014,3087165.603,47481.4788
GBR,2015,2956573.779,45159.11319
GBR,2016,2722851.958,41316.44724
GBR,2017,2699016.715,40700.80279
GBR,2018,2900791.443,43500.54388
GBR,2019,2878673.912,42944.77006
GBR,2020,2764197.654,41063.84497
GBR,2021,3197047.453,47337.0275
USA,2008,14863501.3,48015.08201
USA,2009,14574452.6,46659.53388
USA,2010,15147351.3,48085.77484
USA,2011,15700082.7,49422.04092
USA,2012,16355534.8,51044.99371
USA,2013,16945646,52447.99751
USA,2014,17653132.8,54201.03179
USA,2015,18309398.5,55785.97505
USA,2016,18799442.7,56839.64463
USA,2017,19583068.53,58762.22317
USA,2018,20628084,61473.48537
USA,2019,21477496.6,63596.81795
USA,2020,20996884.3,61880.39321
USA,2021,23111314.64,67903.80632
URY,2008,30366.19333,9102.232148
URY,2009,31660.91491,9467.535279
URY,2010,40284.55665,12015.73222
URY,2011,48628.99474,14465.8673
URY,2012,52699.33058,15632.52787
URY,2013,59963.4303,17734.46853
URY,2014,60484.77178,17833.37248
URY,2015,57080.75909,16774.55541
URY,2016,57236.65249,16766.42526
URY,2017,64233.96686,18769.78752
URY,2018,64515.12576,18825.30934
URY,2019,61231.1933,17859.94416
URY,2020,53628.83808,15639.39723
URY,2021,58993.57593,17218.06749
VEN,2008,315600.3726,11298.1406
VEN,2009,329419.1896,11628.79291
VEN,2010,393805.6726,13714.27376
VEN,2011,316482.876,10877.13591
VEN,2012,381285.9907,12937.91921
VEN,2013,371338.3217,12445.1391
VEN,2014,363550.401,12040.78079
VEN,2015,344342.5599,11278.93099
VEN,2016,288528.789,9385.655445
VEN,2017,247930.2229,8111.988691
VEN,2018,204043.7234,6841.215627
VEN,2019,150131.3555,5182.003251
VEN,2020,106358.587,3733.130778
VNM,2008,99130.3041,1158.101627
VNM,2009,106014.6596,1225.845009
VNM,2010,115931.7499,1326.283122
VNM,2011,135539.4386,1534.134615
VNM,2012,155820.0019,1744.878927
VNM,2013,171222.0254,1896.824129
VNM,2014,186204.6529,2040.923158
VNM,2015,193241.1229,2096.086263
VNM,2016,205276.1713,2204.271689
VNM,2017,223779.8661,2379.800197
VNM,2018,245213.6806,2583.526435
VNM,2019,261921.2292,2734.706724
VNM,2020,271158.4376,2805.609177
VNM,2021,284733.5649,2921.302172
YEM,2008,30397.20173,1302.978976
YEM,2009,28459.50298,1184.352466
YEM,2010,30906.75182,1249.063178
YEM,2011,31078.85868,1219.945614
YEM,2012,32074.76374,1223.135625
YEM,2013,34755.28726,1287.996023
YEM,2014,33224.13258,1197.123506
YEM,2015,26660.29629,934.906255
YEM,2016,22037.3316,752.7953166
YEM,2017,20739.38062,690.5211429
YEM,2018,22902.93706,743.8309671
YEM,2019,25246.23812,800.2816561
YEM,2020,27958.34401,866.0111564
YEM,2021,33755.11267,1023.451582
ZMB,2008,17911.04575,1393.534049
ZMB,2009,15328.30469,1150.938921
ZMB,2010,20265.40049,1469.349922
ZMB,2011,24487.59315,1716.522671
ZMB,2012,24848.20706,1685.234548
ZMB,2013,26585.24876,1745.014154
ZMB,2014,26693.14236,1696.117261
ZMB,2015,20858.96374,1283.76837
ZMB,2016,21452.66408,1279.399443
ZMB,2017,25868.16149,1495.437665
ZMB,2018,26311.98474,1475.226653
ZMB,2019,23309.72045,1268.178212
ZMB,2020,18110.63684,956.8316533
ZMB,2021,20194.217,1037.030112
ZWE,2008,6348.180738,505.817149
ZWE,2009,9665.793264,762.2979575
ZWE,2010,12041.65518,937.8403382
ZWE,2011,14101.92031,1082.615774
ZWE,2012,17114.84988,1290.193956
ZWE,2013,19091.01999,1408.367809
ZWE,2014,19495.51963,1407.034293
ZWE,2015,19963.12062,1410.329175
ZWE,2016,20548.67807,1421.78779
ZWE,2017,22040.9023,1494.186929
ZWE,2018,24311.56055,1615.151698
ZWE,2019,21935.07531,1428.566285
ZWE,2020,21786.74364,1390.377028
