country_code,ECONOMY,Overall_Index_2014,Overall_Index_2015,Overall_Index_2016,Overall_Index_2017,Overall_Index_2018,  ICT_2014,  ICT_2015,  ICT_2016,  ICT_2017,  ICT_2018,  Skills_2014,  Skills_2015,  Skills_2016,  Skills_2017,  Skills_2018,Research_dev_2014,Research_dev_2015,Research_dev_2016,Research_dev_2017,Research_dev_2018,  Industry_activity_2014,  Industry_activity_2015,  Industry_activity_2016,  Industry_activity_2017,  Industry_activity_2018,Finance_access_2014,Finance_access_2015,Finance_access_2016,Finance_access_2017,Finance_access_2018
AFG,Afghanistan,0.019266946,0.001424715,0,0,0.014385442,0.018227704,0.021296687,0.024718914,0.10918884,0.094005093,0.14461115,0.145165458,0.148148984,0.129090682,0.131226867,0,0,0.032731473,0.051103529,0.031899985,0.407678843,0.205413267,0.189205065,0.157855019,0.249040216,0.067009963,0,0,0,0
ALB,Albania,0.354079247,0.357842684,0.360511661,0.362742126,0.376679361,0.404267728,0.464183807,0.470746666,0.571706533,0.580762386,0.47674346,0.473926544,0.468571961,0.412442207,0.42053625,0.117239036,0.093531542,0.103756331,0.115589023,0.14813894,0.394863457,0.342331827,0.381063849,0.343016654,0.354466438,0.574785411,0.552385092,0.542139053,0.564604878,0.551920116
DZA,Algeria,0.268799096,0.270755738,0.305881232,0.301722139,0.30392006,0.151702464,0.166402414,0.257524163,0.254450262,0.270914227,0.471703589,0.45421055,0.45735091,0.40257442,0.408886999,0.243660867,0.258588582,0.261295199,0.299379289,0.271271884,0.106148951,0.021249902,0.090799674,0.098970011,0.166912869,0.373426527,0.369643271,0.411750585,0.449797064,0.467986196
ARG,Argentina,0.543976367,0.493537128,0.539514005,0.474925637,0.518475235,0.514122248,0.513686299,0.528926551,0.420665473,0.535166383,0.680441797,0.657467902,0.659548044,0.582759619,0.591011763,0.329144448,0.239540607,0.370485127,0.341620028,0.359266192,0.566512823,0.539586783,0.557364166,0.523260474,0.54805392,0.362510711,0.301555038,0.312310576,0.324168623,0.361600995
ARM,Armenia,0.33427012,0.397579342,0.40036267,0.367926985,0.38160947,0.315387756,0.448301256,0.503452957,0.504970491,0.527237296,0.523781657,0.522550583,0.502663553,0.442042261,0.449514598,0.087603547,0.14670144,0.147677228,0.115589023,0.118043944,0.375229925,0.351997376,0.362561762,0.325442582,0.370873034,0.589230418,0.605224252,0.592046022,0.634972751,0.645171404
AUS,Australia,0.896939099,0.881700933,0.881524801,0.89942956,0.892846823,0.727100015,0.719338656,0.710556984,0.750349581,0.779665887,1,1,1,1,1,0.667540848,0.667004705,0.674153149,0.674055517,0.679059446,0.547399163,0.546325982,0.550017059,0.509744525,0.515628219,0.83624351,0.837313294,0.857710958,0.895842016,0.887486935
AUT,Austria,0.824683905,0.796854675,0.792733252,0.797288299,0.792610765,0.732436121,0.705032885,0.695525229,0.833381355,0.818448842,0.759453714,0.742709041,0.736845434,0.651727915,0.675499857,0.582517147,0.565118671,0.581648767,0.578015983,0.58248055,0.743935168,0.754706621,0.748538911,0.71372962,0.718926728,0.767910361,0.745110452,0.745584369,0.764861047,0.763257742
AZE,Azerbaijan,0.308508605,0.321182281,0.327260822,0.303280979,0.306426048,0.401905567,0.482589692,0.485188514,0.575598717,0.54401505,0.408114046,0.413835198,0.430111229,0.376569629,0.380655468,0.151021406,0.11067538,0.103756331,0.128970951,0.21271354,0.296904594,0.210937321,0.220491841,0.104851097,0.126707956,0.470428199,0.492793828,0.550927639,0.538199902,0.440091908
BHS,Bahamas,0.327694655,0.323730558,0.370223075,0.376294971,0.399451584,0.492817611,0.477543026,0.494795382,0.748559952,0.725091338,0.513560176,0.502883911,0.499753624,0.436335623,0.440846622,0,0,0.061727308,0,0.070457764,0.149179921,0.137156919,0.313746959,0.253621817,0.287228376,0.675058067,0.651350439,0.635056317,0.648637712,0.648272991
BHR,Bahrain,0.552943528,0.524299204,0.537218869,0.509138823,0.547406793,0.642584443,0.629714251,0.658035398,0.684984684,0.735029995,0.434174299,0.432176143,0.438290954,0.429493338,0.485645115,0.148854226,0.148573145,0.133788705,0.131790996,0.179109141,0.677369535,0.552346945,0.632169306,0.534568906,0.519003868,0.702804208,0.669349015,0.708482266,0.735210896,0.731826723
BGD,Bangladesh,0.173172712,0.207493365,0.220001236,0.231646463,0.241768852,0.01587284,0.02498075,0.05924385,0.149243057,0.197348073,0.178907633,0.192417264,0.203791484,0.19774884,0.201092392,0.230699077,0.22277154,0.234021813,0.256088406,0.262804925,0.330078185,0.328062922,0.326126546,0.284447581,0.320446461,0.586048365,0.578322351,0.585446656,0.616331875,0.625815809
BRB,Barbados,0.579057455,0.520565987,0.580841363,0.547999978,0.569681823,0.659476101,0.537864983,0.720840097,0.68546164,0.790276349,0.642670214,0.632531107,0.630535364,0.538246095,0.548814654,0.178704724,0.117932141,0.148279741,0.200179339,0.188195631,0.55839318,0.553789437,0.604550123,0.533142686,0.530752838,0.743888557,0.729353726,0.736691952,0.761333227,0.758110583
BLR,Belarus,0.461690277,0.504119277,0.515725732,0.518579662,0.542829216,0.429709196,0.484768897,0.500506043,0.611376226,0.668851256,0.732743502,0.722229958,0.713216543,0.628317773,0.633796394,0.151128709,0.236898139,0.249663636,0.256511271,0.266642392,0.495136321,0.493461371,0.507919371,0.480537087,0.514621675,0.44869256,0.430410504,0.472474873,0.478350818,0.481642395
BEL,Belgium,0.932681203,0.924069464,0.922054529,0.911071599,0.905133545,0.861047506,0.875013351,0.874488056,0.913200975,0.92250222,0.948823392,0.967748582,0.968393803,0.856916368,0.882839918,0.595941067,0.588904858,0.596918285,0.596010327,0.572549045,0.799684823,0.802099586,0.80020082,0.773876607,0.776109576,0.65463388,0.64569521,0.661047459,0.698182762,0.700992465
BLZ,Belize,0.249205992,0.262008131,0.236894846,0.306691915,0.29352358,0.154281423,0.161089003,0.183333397,0.466409355,0.422999442,0.450466216,0.441358358,0.440210491,0.391695976,0.400165856,0.043593653,0,0,0.032242753,0,0.315968484,0.3740547,0.226592705,0.260845035,0.329435468,0.660283864,0.643959999,0.651879251,0.670078039,0.65980196
BEN,Benin,0.116747409,0.191883504,0.1560518,0.095637761,0.129170448,0.080726773,0.077581301,0.079827339,0.055482864,0.106995434,0.246547714,0.265865564,0.25845632,0.226023749,0.22992897,0.053713858,0.077358775,0.091888882,0.074865334,0.089554578,0.255365968,0.485589594,0.336209327,0.184369549,0.329164207,0.444254637,0.422571093,0.425506979,0.462400764,0.446752697
BOL,Bolivia (Plurinational State of),0.256487429,0.255066663,0.259367049,0.20193398,0.253342062,0.190302908,0.178197175,0.252110541,0.215061277,0.306256264,0.460615218,0.418284416,0.408339858,0.354333371,0.375179082,0.067779362,0.077358775,0.051878151,0,0.06379997,0.2472509,0.254343092,0.248796955,0.18389222,0.231104061,0.611332655,0.61202991,0.650548339,0.700632274,0.699609518
BIH,Bosnia and Herzegovina,0.405372649,0.438993454,0.434460998,0.433082581,0.425590634,0.420148194,0.42038548,0.419798553,0.565091491,0.583886623,0.523340285,0.523345351,0.507373929,0.439887673,0.434532225,0.138522804,0.219585761,0.230946615,0.219242334,0.185254514,0.442211598,0.450051844,0.454104871,0.398841381,0.439866543,0.671913743,0.655162334,0.653007984,0.676134944,0.675028026
BWA,Botswana,0.213313863,0.240139693,0.263335764,0.237377808,0.246430263,0.140304893,0.204252288,0.233662069,0.245002195,0.27551505,0.396064401,0.387450576,0.383632362,0.336229414,0.3415353,0.067779362,0.052805565,0.098194435,0.143784285,0.12759994,0.314906806,0.318897098,0.353530824,0.262752056,0.325196654,0.523468912,0.495758414,0.518999517,0.527923524,0.5252738
BRA,Brazil,0.612626433,0.64332968,0.679277301,0.628531992,0.627571642,0.372686386,0.371765167,0.50309366,0.40072605,0.455925137,0.500088215,0.534070134,0.543736875,0.493825406,0.496569216,0.584597826,0.59649533,0.600764513,0.600284696,0.610996127,0.658130527,0.671997786,0.686566711,0.664185584,0.657640994,0.684339583,0.67730242,0.684670389,0.693737149,0.681041241
BRN,Brunei Darussalam,0.45308575,0.478546679,0.456106007,0.463678837,0.462844044,0.433368295,0.439693123,0.45401594,0.589732707,0.668315053,0.705162287,0.71406275,0.706781864,0.61035496,0.613918364,0.176522076,0.138927773,0.162158161,0.164033726,0.14813894,0.348347962,0.501454115,0.39891389,0.380795956,0.347013712,0.519117892,0.512149036,0.568638861,0.611005187,0.580494463
BGR,Bulgaria,0.602992594,0.620052517,0.625501752,0.619964957,0.583273172,0.64616853,0.647036254,0.647367775,0.703095853,0.707674027,0.602810562,0.622395456,0.632332861,0.552278519,0.53754729,0.317269415,0.354153693,0.36272645,0.394875079,0.329392225,0.618108273,0.637007058,0.658870399,0.613137662,0.620644093,0.692281961,0.652299523,0.639186144,0.653318822,0.640761495
BFA,Burkina Faso,0.043575283,0.100101844,0.066525035,0.03864922,0.072916433,0.012977839,0.037445977,0.036727607,0.020010449,0.068909772,0,0,0.002752505,0.016859081,0.025070269,0.067779362,0.077358775,0.065462962,0.064485475,0.110355802,0.33963877,0.418997437,0.271302044,0.191035152,0.257884264,0.453601122,0.456391573,0.477119505,0.519631028,0.524342954
BDI,Burundi,0.010135013,0.068868905,0.070392676,0.074337833,0.051343836,0,0,0,0.179469422,0.162630573,0.179939121,0.184561878,0.18999812,0.163458824,0.164721236,0,0.033316612,0,0,0,0.099484086,0.136957347,0.305395722,0.194689289,0.142906249,0.410369515,0.381662965,0.343434066,0.379811645,0.353622943
CPV,Cabo Verde,0.241419613,0.351700544,0.277274251,0.279374749,0.291261405,0.366659999,0.523303747,0.526862323,0.353097439,0.429155171,0.350464344,0.355964184,0.351231545,0.309424192,0.314785659,0,0.033316612,0.0389456,0,0.067128852,0.208024219,0.440583259,0.100148901,0.468919992,0.339536071,0.684178531,0.667135656,0.665748715,0.690192163,0.691973567
KHM,Cambodia,0.210636005,0.263322413,0.265417516,0.213662416,0.273691088,0.212274954,0.271163702,0.300192237,0.212000102,0.364423305,0.263346046,0.265492737,0.259336501,0.231762245,0.236443847,0.053713858,0.077358775,0.051878151,0.051103529,0.089554578,0.414407313,0.43748188,0.451922029,0.368031144,0.421639264,0.63608551,0.664730132,0.710447609,0.760210335,0.770976007
CMR,Cameroon,0.129022092,0.151814342,0.202739254,0.163783044,0.173998013,0.032534849,0.041987959,0.251162589,0.142467693,0.171834841,0.272059232,0.282760531,0.291407168,0.255613923,0.259824097,0.107427746,0.099949829,0.113232307,0.125968859,0.149943933,0.343453258,0.308966249,0.309864193,0.301940501,0.314758241,0.327730715,0.309289485,0.322960198,0.353736728,0.338055015
CAN,Canada,0.896713138,0.90268153,0.900321007,0.898600459,0.881590903,0.703361034,0.786801398,0.780683279,0.889652133,0.867706776,0.784012258,0.777175009,0.789872706,0.695808709,0.710527539,0.709851384,0.698829234,0.695652723,0.694466889,0.696807683,0.735692442,0.739384592,0.744060099,0.711484075,0.705733001,0.835554183,0.829521895,0.83551687,0.862854123,0.858557344
CHL,Chile,0.583535194,0.610302866,0.606527567,0.562209547,0.58029449,0.537451088,0.590883672,0.596024334,0.514324367,0.651083529,0.581661105,0.606988609,0.602663934,0.535579324,0.558431447,0.41397658,0.415798098,0.398596168,0.407552719,0.389091522,0.415970475,0.417056888,0.43147701,0.392181069,0.367609531,0.798308373,0.796819389,0.803982198,0.834270835,0.835006535
CHN,China,0.746300638,0.788118124,0.864839375,0.760362446,0.753082514,0.340255767,0.406651944,0.688854158,0.362202406,0.405495226,0.386122286,0.391389459,0.40632239,0.360632718,0.370612651,0.993909061,1,1,1,1,0.834334374,0.857228339,0.852999687,0.828315318,0.832295179,0.853089809,0.859157085,0.886104465,0.920489013,0.914944291
HKG,"China, Hong Kong SAR",0.891850591,0.86365056,0.872988462,0.869159877,0.872213602,1,0.896121681,0.908912897,0.911661565,0.886616588,0.720259965,0.727266371,0.73616457,0.653675675,0.66552943,0.462328106,0.474865079,0.488137394,0.532924533,0.578339934,0.833130956,0.859599114,0.872697592,0.849570274,0.857027352,0.964030981,0.980519474,0.960167468,0.995496392,1
COL,Colombia,0.426446647,0.433895677,0.488913149,0.431575805,0.453306109,0.374862254,0.375095964,0.512533248,0.432133913,0.470534831,0.459355921,0.471356124,0.46234107,0.406652123,0.41348666,0.314076692,0.293292224,0.378096223,0.363459498,0.409329832,0.432355344,0.429605007,0.462826848,0.409885556,0.424537599,0.626022875,0.621111572,0.598733783,0.625709176,0.636941731
COM,Comoros,0.055984519,0.098559089,0.093425602,0.116643436,0.111618251,0.088369846,0.085655943,0.084730871,0.192540348,0.176178902,0.245544896,0.249101743,0.24150525,0.211052001,0.213976875,0,0,0,0.032242753,0,0.154463977,0.248853803,0.236204237,0.241084039,0.305034667,0.315465808,0.29814297,0.334931582,0.364768565,0.368731439
COG,Congo,0.093346477,0.150004834,0.186068088,0.107335925,0.132279247,0.02531654,0.02482935,0.025269344,0,0.040553764,0.219544649,0.220581219,0.231067181,0.211629182,0.222453922,0,0.077358775,0.065462962,0.074865334,0.089554578,0.354744881,0.38723135,0.484940171,0.335670143,0.388799697,0.287200749,0.306079745,0.415571958,0.436790437,0.432472557
COD,"Congo, Dem. Rep. of the",0.02144629,0,0.017357243,0.006864463,0,0.066116989,0.065707527,0.066533849,0.013336076,0.03185406,0.140994281,0.141496465,0.14432174,0.133679494,0.135458976,0,0,0,0,0,0.404324174,0.150675312,0.284812212,0.326197058,0.328517377,0.111366168,0.089429528,0.110836655,0.174278662,0.101773344
CRI,Costa Rica,0.490696162,0.520178378,0.480614692,0.457474977,0.493285567,0.367194802,0.346128166,0.375109017,0.411849499,0.535969734,0.55422926,0.547122359,0.529824317,0.465744883,0.484389454,0.107427746,0.182616845,0.143767044,0.155002296,0.159499899,0.859842956,0.875587046,0.71936816,0.632827818,0.644824207,0.630414903,0.630851388,0.644128084,0.684936762,0.688243628
CIV,CÃ´te d'Ivoire,0.050983876,0.112715021,0.142518878,0.113303602,0.146211609,0.019583095,0.052081272,0.146246418,0.267685652,0.300427437,0.107863464,0.103255503,0.096718505,0.08451768,0.094278544,0,0.052805565,0.065462962,0.051103529,0.074069478,0.337688237,0.378385365,0.400839299,0.264385581,0.323980629,0.412564963,0.393769205,0.427233577,0.463683486,0.484059274
HRV,Croatia,0.577456057,0.585071027,0.586070418,0.575971484,0.609180808,0.573146045,0.573698461,0.573239267,0.732268035,0.742966712,0.657945931,0.66814214,0.66438812,0.57971859,0.586622059,0.264140755,0.281930059,0.293010891,0.232765764,0.332056552,0.601551235,0.604128838,0.620702922,0.598455071,0.621626735,0.702838361,0.684714258,0.675744593,0.685828149,0.670596898
CYP,Cyprus,0.641724825,0.658770442,0.697478652,0.6952824,0.687696397,0.501098633,0.541719437,0.552093267,0.689295113,0.717265844,0.610171557,0.617718875,0.618617058,0.541292012,0.566015065,0.249171495,0.285695911,0.37984544,0.399906755,0.363167763,0.74238503,0.690314293,0.727169752,0.652665556,0.68361634,1,1,1,1,0.966644228
CZE,Czechia,0.735124171,0.725942195,0.716085255,0.759580612,0.75622946,0.567101538,0.549524725,0.541456282,0.804473043,0.815187216,0.740475953,0.756544948,0.751084268,0.668998182,0.679686189,0.537290692,0.520030439,0.51497221,0.519071817,0.510989308,0.771239936,0.781146169,0.773560226,0.740031719,0.753946006,0.632295132,0.609634876,0.613567412,0.647104502,0.645191789
DNK,Denmark,0.93408984,0.915433109,0.87170583,0.922742724,0.920391619,0.903585494,0.876560867,0.729789972,1,1,0.935246766,0.944579423,0.93582803,0.830908179,0.846565843,0.558189988,0.5624668,0.547504604,0.561958611,0.566595793,0.709085226,0.726503611,0.731743455,0.737795711,0.744062185,0.916225791,0.909209132,0.911266923,0.934028566,0.924190104
DJI,Djibouti,0.000780322,0.022757489,0.075766586,0.029427175,0.01408413,0.036509644,0.039464645,0.258781612,0.127033651,0.076888531,0.008761162,0.004431697,0,0,0,0,0,0,0,0,0.311314851,0.268619239,0.312241465,0.323060185,0.328934223,0.44095847,0.41518873,0.409548491,0.421028048,0.42934227
DOM,Dominican Republic,0.262037426,0.300496548,0.301366717,0.31671086,0.329588085,0.340358764,0.345825374,0.418108702,0.558927059,0.53872627,0.409431726,0.393842667,0.388551325,0.367228895,0.3624098,0,0.074406885,0.032731473,0.032242753,0.050560281,0.474222869,0.486696869,0.497081637,0.434179664,0.512496233,0.4532713,0.445877731,0.455193162,0.48888877,0.490939021
ECU,Ecuador,0.295982897,0.327923149,0.356155366,0.317933828,0.331758976,0.407063723,0.414666474,0.458258241,0.330659777,0.428746998,0.39321065,0.394911498,0.401610792,0.365652323,0.376077533,0.148854226,0.194332123,0.221097454,0.284876406,0.260938942,0.301436812,0.306100547,0.378593773,0.325801998,0.318560749,0.482104331,0.463840097,0.466815203,0.505676806,0.531930029
EGY,Egypt,0.429296315,0.390019715,0.420455337,0.399994344,0.365946233,0.45459488,0.262555569,0.279513061,0.264322013,0.270344019,0.55057019,0.544892907,0.527939439,0.47103703,0.455384523,0.327273607,0.284366459,0.393661737,0.38706544,0.360320598,0.359682113,0.456533968,0.456288546,0.404001892,0.42174539,0.479420215,0.449687719,0.458439469,0.547418237,0.501856268
SLV,El Salvador,0.248844847,0.280922681,0.298315078,0.271979719,0.283016741,0.226390436,0.292139858,0.29392764,0.286875218,0.29801929,0.346256733,0.339905202,0.321193785,0.272361904,0.270974994,0,0,0.076000139,0.074865334,0.101120554,0.519204319,0.526884019,0.531331182,0.508013487,0.53991586,0.613365769,0.605126023,0.611711741,0.643228352,0.644873917
EST,Estonia,0.691314936,0.709487677,0.686230719,0.695692897,0.721435249,0.679477572,0.721676052,0.731117189,0.915376246,0.892048836,0.797444522,0.794220448,0.788768053,0.69008565,0.711697459,0.258449167,0.307595581,0.241547719,0.202658579,0.311776936,0.719423294,0.735129476,0.734678209,0.707985401,0.698415935,0.700844705,0.680214524,0.690546632,0.722500622,0.698681951
SWZ,Eswatini,0.222827032,0.196921632,0.204532877,0.19354707,0.278054297,0.101343848,0.116173789,0.120663181,0.201984823,0.196387082,0.324857354,0.318321466,0.312209785,0.27331996,0.276774615,0.033889674,0,0.051878151,0.064485475,0.082460269,0.555476964,0.460146964,0.466396719,0.402515501,0.708769798,0.426947832,0.403928429,0.396334976,0.427931637,0.4243007
ETH,Ethiopia,0.049431399,0.064863086,0.066436738,0.069662206,0.06319128,0.072437659,0.076067276,0.08833348,0.146290213,0.113358796,0.067369908,0.063502692,0.057295486,0.049206074,0.050333809,0.148854226,0.105611146,0.136487812,0.161213696,0.163624048,0.227083862,0.232489556,0.211517051,0.193888411,0.241994143,0.389645129,0.361087561,0.362297803,0.387367964,0.386470705
FJI,Fiji,0.419430941,0.425557554,0.415605605,0.343880981,0.371683151,0.513742626,0.495564222,0.49674046,0.291743845,0.384085894,0.509001553,0.522653639,0.512347341,0.456568927,0.464099139,0.132403269,0.13016437,0.136487812,0.141620353,0.159858614,0.411034942,0.438093036,0.393626511,0.359157175,0.375870436,0.719456673,0.700091124,0.724755168,0.768287897,0.769744575
FIN,Finland,0.888289869,0.880171657,0.865098953,0.878893256,0.873343945,0.804575205,0.77976352,0.742569804,0.886557818,0.875661194,0.848094583,0.873628616,0.872986496,0.768401802,0.788014948,0.552096307,0.548971891,0.553741038,0.576470494,0.589265108,0.768688917,0.782857716,0.778086662,0.741175413,0.743190229,0.768845856,0.759386241,0.768488586,0.794531822,0.789607346
FRA,France,0.940757752,0.925851524,0.921425641,0.902279854,0.894702911,0.739740968,0.767219365,0.763821065,0.78510654,0.832555711,0.80895406,0.796935976,0.801034153,0.713186026,0.720407128,0.794882357,0.774293363,0.769202411,0.759125352,0.743637443,0.821904123,0.82757777,0.824507892,0.804369211,0.795200527,0.776310921,0.762404442,0.770282269,0.803097069,0.809200406
GAB,Gabon,0.271042436,0.287669659,0.323846787,0.268683881,0.307269871,0.181750551,0.206967577,0.240299165,0.169763118,0.285385341,0.413041711,0.4135212,0.412213057,0.356380731,0.360962421,0,0,0.051878151,0,0.06379997,0.573761702,0.581248224,0.617341876,0.621787906,0.648828924,0.351849735,0.313721806,0.314020872,0.327031344,0.254990518
GMB,Gambia,0,0.049238332,0.031550642,0.013032587,0.013795983,0.058175344,0.062174588,0.067549832,0.17071788,0.161574483,0.104213744,0.110056728,0.103173457,0.089821234,0.090709142,0,0.066633225,0.051878151,0,0.031899985,0.283183664,0.310743332,0.282764733,0.22475113,0.291153431,0.258473456,0.193879098,0.193381429,0.217642307,0.110430002
GEO,Georgia,0.396543294,0.41193983,0.431374967,0.409999996,0.434898853,0.530308664,0.536442101,0.529764295,0.515376627,0.553998292,0.490545332,0.503873825,0.513725162,0.473328561,0.494642109,0.145262703,0.126848161,0.141463086,0.159736857,0.178160206,0.403194726,0.434917837,0.50876534,0.409867168,0.453815728,0.579781234,0.589464247,0.619316161,0.679783702,0.673994303
DEU,Germany,0.977526426,0.949131966,0.945598364,0.944069266,0.925297737,0.810026348,0.784285843,0.78162688,0.879511654,0.857028246,0.828156352,0.819752932,0.82343787,0.729563892,0.740798831,0.832322717,0.816018641,0.811404526,0.80266571,0.794856846,0.831012428,0.835972965,0.837419689,0.817578852,0.822622836,0.740481079,0.721336365,0.722255647,0.747322321,0.745887935
GHA,Ghana,0.197595909,0.195907518,0.292613089,0.256557375,0.263796896,0.307168752,0.312546283,0.357822508,0.274927735,0.332204253,0.261911988,0.266033441,0.24899599,0.241425648,0.241906464,0.132403269,0.093531542,0.182712659,0.156634614,0.176201522,0.287803501,0.255600572,0.386069477,0.404031754,0.373821527,0.317101419,0.313304037,0.333429515,0.352762491,0.327065349
GRC,Greece,0.657337427,0.656419039,0.660490632,0.641358256,0.651415646,0.537554681,0.538970947,0.546419919,0.651963055,0.683759213,0.716849208,0.696999967,0.710619748,0.625951707,0.632215262,0.466111451,0.479873747,0.469760925,0.431377262,0.469130635,0.527096629,0.542770863,0.567749977,0.523984671,0.53501147,0.823664844,0.813101351,0.810491264,0.826935411,0.803388536
GTM,Guatemala,0.182977304,0.217717364,0.239781469,0.234734207,0.232757941,0.204002589,0.21360305,0.287114173,0.341534942,0.341625661,0.231442407,0.221672013,0.204356089,0.183296695,0.185648769,0,0.033316612,0.065462962,0.074865334,0.074069478,0.464617014,0.47720018,0.492588103,0.446316421,0.46591413,0.529252231,0.510638952,0.523376524,0.548920691,0.539549172
GIN,Guinea,0.053152625,0.092860654,0.081551261,0.024881182,0.012326332,0.008273035,0.014231391,0.021716747,0.056653168,0.015727308,0.085441172,0.086037792,0.090066716,0.077110797,0.078239001,0,0.033316612,0,0,0,0.462927729,0.396212757,0.446179062,0.239834011,0.314229161,0.170357734,0.204132378,0.245756537,0.241141513,0.191775933
GUY,Guyana,0.203935131,0.267651737,0.284829646,0.20639658,0.255764931,0.147980854,0.306506723,0.305196464,0.203787178,0.326530188,0.320613444,0.315568566,0.311346322,0.272141784,0.277804613,0,0,0,0,0,0.328936487,0.331813008,0.479060292,0.380355716,0.412439436,0.600921273,0.606449902,0.608656108,0.613272011,0.614982307
HTI,Haiti,0.027468706,0.064906098,0.064002201,0.057962384,0.053164911,0.04074024,0.04501598,0.166958809,0.221994713,0.192407638,0.108809628,0.104275018,0.10203141,0.087944992,0.09257713,0,0.052805565,0,0,0.031899985,0.298931897,0.243940786,0.228684723,0.199104637,0.206880704,0.404779345,0.386985421,0.370913416,0.397435576,0.385458231
HND,Honduras,0.147783265,0.191357032,0.175697491,0.195596591,0.20193845,0.149414703,0.204014376,0.205386549,0.338251442,0.301524997,0.244632453,0.226552084,0.201377213,0.198869065,0.182434291,0,0.033316612,0.032731473,0.032242753,0.089554578,0.263508797,0.27772361,0.268566251,0.226037726,0.282699257,0.647806346,0.633872569,0.63567394,0.675154269,0.672875881
HUN,Hungary,0.721538067,0.652631581,0.680231035,0.700673223,0.701794148,0.704587579,0.5026353,0.688144565,0.825885177,0.874847651,0.680886507,0.687596798,0.66518712,0.570620477,0.573289037,0.434306651,0.401891947,0.410396278,0.464051634,0.445868731,0.802541375,0.800806582,0.794441104,0.763834178,0.771145523,0.608858943,0.572586417,0.52972579,0.544326246,0.535778999
ISL,Iceland,0.769375384,0.745578289,0.762841344,0.70148617,0.709067404,0.85461551,0.82129252,0.940335631,0.864046991,0.900811553,0.973670542,0.988871157,0.987136781,0.872897446,0.880464137,0.228390724,0.234623581,0.235243052,0.215704501,0.247595027,0.520536244,0.519706547,0.514926255,0.461758822,0.420880258,0.802753329,0.764254272,0.751759112,0.76851505,0.773807645
IND,India,0.572788358,0.587433696,0.602213144,0.568229318,0.580511332,0.25185588,0.251719654,0.275105506,0.217650071,0.339177787,0.307284981,0.307502627,0.319401026,0.287472546,0.308151424,0.713016391,0.729307413,0.749450445,0.759502649,0.766141534,0.764996588,0.752890587,0.752278924,0.733592331,0.705566287,0.637712121,0.619364917,0.623144627,0.63656044,0.631830156
IDN,Indonesia,0.310005188,0.395108104,0.393660396,0.387285054,0.401801616,0.130764142,0.393319011,0.395367295,0.361328244,0.370557725,0.318082213,0.31068781,0.308029383,0.269175589,0.281652123,0.236844301,0.26442191,0.274552226,0.350978553,0.410154909,0.608654857,0.602145553,0.602502525,0.557239771,0.564787209,0.552277625,0.534358323,0.554667711,0.582421541,0.576022625
IRN,Iran (Islamic Republic of),0.327692539,0.373299837,0.43611145,0.415095419,0.433078319,0.109970316,0.142668724,0.306809753,0.336105168,0.396146596,0.491022289,0.480677664,0.478276312,0.424369395,0.437912971,0.371148795,0.419568032,0.458543152,0.446186185,0.464312434,0.241470128,0.253474116,0.280962527,0.256857216,0.284461141,0.616487801,0.620463431,0.657602966,0.708472908,0.705279946
IRQ,Iraq,0.074171469,0.106171496,0.121014841,0.21787937,0.157452911,0.030462572,0.037950654,0.055791363,0.407944977,0.15299429,0.341847271,0.329386354,0.342434019,0.306810945,0.313019186,0.185018405,0.187063098,0.214541391,0.265788168,0.299827129,0,0,0,0,0.043380149,0.154513478,0.125109881,0.205392152,0.2379971,0.226864278
IRL,Ireland,1,0.95622474,0.940874457,0.914833188,0.910368741,0.955255389,0.916549087,0.927053273,0.819359243,0.82705307,0.879261434,0.88554436,0.890217781,0.810066164,0.833806694,0.519004405,0.5052827,0.525405645,0.562955618,0.562993884,1,1,1,1,1,0.795133293,0.725491643,0.628886104,0.631213009,0.608142495
ISR,Israel,0.866724372,0.873027384,0.877713203,0.855640948,0.83868289,0.640156448,0.708327532,0.720128357,0.702801347,0.690314472,0.837835014,0.846218228,0.84591496,0.748564422,0.751372993,0.605664909,0.596768022,0.598590076,0.603906155,0.60812217,0.884978473,0.886930585,0.907883823,0.892190456,0.887266576,0.690435171,0.677510738,0.683538735,0.705767632,0.703561187
ITA,Italy,0.804352164,0.78895545,0.775270164,0.775093675,0.768926084,0.594431102,0.581386447,0.557066619,0.648839891,0.679198384,0.739861429,0.723860681,0.71738416,0.631149709,0.640938282,0.688563228,0.681982458,0.686142206,0.698098064,0.687592208,0.715850532,0.723568559,0.713681102,0.683614135,0.698676527,0.763631463,0.74799037,0.74965924,0.76981312,0.753988981
JAM,Jamaica,0.25858587,0.276704639,0.274602652,0.310046613,0.311159194,0.296167344,0.301414788,0.312077224,0.501408637,0.514524996,0.436149359,0.442809105,0.431326449,0.378303021,0.383778155,0.067779362,0.093531542,0.090823762,0.122759543,0.105969429,0.292744905,0.259755075,0.286631972,0.255871564,0.291289181,0.508468032,0.482276231,0.490500331,0.531824112,0.529894114
JPN,Japan,0.888966978,0.8826527,0.873679996,0.88925159,0.875817478,0.768028259,0.779267192,0.771272838,0.931601584,0.927810729,0.607946694,0.598643124,0.589022815,0.518345714,0.527162314,0.78690058,0.764470995,0.756040335,0.755317986,0.74918735,0.787036359,0.80325073,0.804977,0.786184073,0.789456487,0.896526098,0.894401372,0.899959147,0.929762721,0.932641327
JOR,Jordan,0.413951516,0.422937751,0.459574223,0.481923699,0.492694676,0.312797397,0.323115438,0.461308509,0.49795574,0.521705747,0.49103573,0.486842692,0.479039818,0.425395131,0.434670568,0.204096139,0.208788082,0.221532688,0.323820442,0.361541897,0.558771074,0.562042952,0.57994026,0.549779415,0.544910908,0.708332181,0.683008492,0.687683404,0.730180562,0.739653587
KAZ,Kazakhstan,0.477000326,0.482541531,0.493220359,0.480697215,0.502898216,0.441831321,0.433658481,0.440155953,0.593212366,0.596092701,0.637946069,0.631144762,0.633401811,0.562044442,0.575339377,0.223952115,0.245297223,0.242824063,0.205548719,0.316815585,0.526621401,0.545540035,0.582672179,0.521760225,0.492289871,0.544591963,0.514443934,0.545887172,0.539394498,0.507459164
KEN,Kenya,0.171009556,0.297543645,0.293165356,0.274620831,0.275013268,0.048076969,0.449176848,0.427328289,0.399245977,0.39419952,0.230475187,0.231603921,0.234265059,0.212831214,0.2247798,0.132403269,0.13016437,0.145963803,0.161213696,0.166181445,0.431474417,0.425410241,0.436472207,0.403712362,0.434264869,0.522906542,0.518756092,0.522377431,0.542760015,0.509737134
KOR,"Korea, Republic of",0.963528335,0.946105659,0.970820844,0.944147885,0.933595002,0.926726461,0.888133645,0.947393417,0.916949928,0.883693218,0.771892548,0.76043874,0.752314627,0.659456492,0.670826733,0.80197072,0.812542379,0.827462077,0.83896333,0.838276029,0.769628227,0.791239262,0.813900411,0.790633202,0.818841398,0.854089916,0.855062366,0.864308953,0.896751642,0.895314872
KWT,Kuwait,0.469724119,0.468908966,0.486363053,0.462317944,0.481252044,0.486092031,0.433673173,0.443589807,0.524617255,0.556511998,0.472599894,0.487903923,0.491172046,0.407332718,0.412322342,0.218800783,0.219844133,0.226428911,0.216364101,0.238034666,0.3705405,0.367887914,0.398759931,0.346950054,0.422623992,0.667806447,0.683098972,0.778861463,0.821920931,0.802499712
KGZ,Kyrgyzstan,0.190394595,0.23008503,0.263412803,0.227172718,0.229088098,0.158118263,0.168925718,0.19140783,0.195613921,0.264810145,0.389012307,0.404066533,0.405447602,0.365927905,0.374297768,0,0.033316612,0.091888882,0.064485475,0.06379997,0.470239192,0.446439177,0.478109002,0.437862903,0.378111631,0.361540139,0.39092949,0.423784077,0.424394518,0.43231833
LAO,Lao People's Dem. Rep.,0.078885183,0.146986216,0.166745305,0.158698708,0.194296315,0.111220859,0.115935855,0.181269184,0.216573328,0.314657837,0.202818856,0.211159587,0.221215993,0.202737182,0.203424797,0,0.033316612,0,0,0.031899985,0.260986954,0.440687835,0.525212705,0.510748148,0.52663523,0.427737683,0.401104361,0.402723342,0.427987158,0.426799506
LVA,Latvia,0.659980416,0.655766189,0.654288709,0.669352472,0.668480158,0.652175367,0.636272669,0.689029217,0.894577682,0.856372595,0.71415323,0.731008112,0.733038783,0.654798865,0.668666363,0.311139435,0.324763328,0.287256748,0.241105214,0.284604698,0.677642226,0.694747686,0.713594675,0.679642737,0.681176543,0.661367059,0.616542518,0.607328355,0.62676692,0.597965002
LBY,Libya,0.187877089,0.273485899,0.321326911,0.260704726,0.244131014,0.12994349,0.13612248,0.138669774,0.122577168,0.168440133,0.462028116,0.451830983,0.444298208,0.389414877,0.382201433,0.121493235,0.13016437,0.123555236,0.119312301,0.124629743,0.122978248,0.219102264,0.335684329,0.281520724,0.292013109,0.363570839,0.461879849,0.5454126,0.560230672,0.450080067
LTU,Lithuania,0.686704576,0.672905564,0.68541652,0.64786005,0.660385907,0.905054331,0.86711812,0.870203614,0.828250766,0.821133792,0.796990395,0.787365794,0.762687922,0.67225951,0.678090155,0.261331022,0.293000758,0.347045869,0.33158797,0.377988011,0.553163588,0.582759619,0.61124599,0.572372079,0.593297362,0.592998624,0.561957657,0.569504082,0.601944685,0.589664638
LUX,Luxembourg,0.873868465,0.848495722,0.860902309,0.87269181,0.876162648,0.794189811,0.771435261,0.84340924,0.902936935,0.978062749,0.836515605,0.861280203,0.811554551,0.727826417,0.728960574,0.418490797,0.394406945,0.449004799,0.473762542,0.459643304,0.814650118,0.791266561,0.784346461,0.784776151,0.773240566,0.7652753,0.751501679,0.771190584,0.807074606,0.813405275
MDG,Madagascar,0.132377356,0.114748582,0.10508392,0.052722879,0.144862145,0.329739869,0.313317716,0.308767021,0.214722574,0.44419831,0.149414673,0.145139158,0.13721171,0.127978548,0.129782841,0.033889674,0.033316612,0.032731473,0.032242753,0.06379997,0.401010335,0.238205731,0.237383261,0.153281361,0.252844364,0.282435089,0.260810673,0.274015486,0.290138841,0.30605793
MWI,Malawi,0.142935082,0.208104551,0.148319602,0.104863562,0.101453044,0.016218718,0.343407601,0.338776469,0.052425824,0.097451098,0.160936013,0.161333218,0.154750824,0.134851396,0.141198874,0.053713858,0,0.032731473,0.032242753,0.050560281,0.659171343,0.585652709,0.279646695,0.479243875,0.394286305,0.309089333,0.255308688,0.272987962,0.259087771,0.259107709
MYS,Malaysia,0.620361269,0.609053314,0.61917758,0.665906608,0.69017911,0.462001771,0.402133435,0.428474665,0.659442186,0.754998386,0.461784124,0.466843277,0.477425009,0.441545785,0.457063079,0.474606335,0.475948393,0.458139032,0.492913008,0.505711019,0.790213645,0.797248781,0.806869447,0.774100781,0.786020875,0.827113271,0.822011411,0.832960606,0.858048558,0.844155669
MDV,Maldives,0.273064137,0.294400305,0.31430459,0.259381741,0.279540837,0.388367683,0.459403902,0.476719588,0.390338481,0.413409352,0.521273077,0.52940011,0.530201376,0.490502119,0.494154453,0,0,0,0.032242753,0.050560281,0.211888909,0.186364383,0.303139836,0.120940134,0.180961043,0.519294143,0.479216576,0.484042853,0.520443797,0.52767545
MLI,Mali,0.034937564,0.068545163,0.091901809,0.062996194,0.097265817,0.008185534,0.009184703,0.024718914,0.068197355,0.069287196,0.021730205,0.003162848,0.002051058,0.003275446,0.002801229,0,0.033316612,0.065462962,0.032242753,0.050560281,0.360536099,0.355863959,0.389124662,0.312995344,0.515897691,0.427482247,0.413966447,0.445901245,0.485087663,0.478812724
MLT,Malta,0.753218114,0.731005311,0.672475934,0.690972745,0.707905412,0.796184421,0.762913883,0.710882902,0.738877058,0.754049122,0.717180789,0.706828713,0.713774324,0.646878779,0.676371038,0.210411757,0.243981838,0.15900889,0.229540199,0.315484583,0.860681891,0.836374462,0.81273675,0.831297815,0.770127714,0.799356759,0.774522781,0.752180457,0.764994204,0.747416735
MRT,Mauritania,0.059634678,0.133040488,0.134603307,0.114601709,0.06443619,0.019583095,0.022810711,0.103344277,0.171144739,0.067926325,0.08071781,0.088433206,0.093967356,0.079734482,0.080670282,0.033889674,0,0.032731473,0,0.074069478,0.250331432,0.462701589,0.356502861,0.282767147,0.191430464,0.454307973,0.433631063,0.464865059,0.497232109,0.507530153
MUS,Mauritius,0.42323482,0.431827933,0.49284336,0.41836831,0.428694069,0.24128446,0.25530842,0.273983806,0.359691232,0.401038408,0.550448835,0.548860908,0.563050628,0.486069351,0.486323625,0.117239036,0.052805565,0.204429254,0.090516821,0.16091609,0.547470868,0.664684534,0.678010881,0.543313861,0.476241827,0.799589217,0.774072826,0.789007425,0.800313711,0.811353028
MEX,Mexico,0.520011663,0.541375279,0.560636461,0.550445199,0.538310409,0.479295462,0.475918293,0.531715691,0.601495624,0.547850967,0.430809945,0.429018349,0.431131274,0.386229545,0.409475952,0.465570301,0.503851473,0.52175802,0.509858251,0.50658834,0.710969687,0.726447225,0.721824467,0.668169379,0.682760119,0.502587497,0.481688887,0.505572379,0.546454191,0.553653121
MDA,"Moldova, Republic of",0.458723933,0.502399743,0.526162624,0.405085862,0.423724055,0.66754818,0.763127983,0.844535053,0.70816052,0.719478428,0.465637207,0.443982899,0.420318276,0.362023979,0.366397828,0.141317427,0.228607535,0.295824319,0.160028502,0.196159154,0.508607984,0.513294578,0.509635508,0.413784385,0.465719223,0.550219059,0.495979071,0.483122051,0.476782411,0.447244406
MNG,Mongolia,0.323626727,0.33033213,0.30508849,0.31606853,0.267269254,0.206074849,0.203509644,0.209701896,0.215541646,0.191288173,0.561808944,0.551876962,0.545312762,0.484316737,0.502987087,0.053713858,0.077358775,0.091888882,0.133997172,0.06379997,0.325252205,0.316516608,0.237044975,0.288543552,0.230272949,0.668276846,0.651453257,0.632291138,0.672118783,0.651988387
MNE,Montenegro,0.435353965,0.426903784,0.427974165,0.454584181,0.44747451,0.415576309,0.41854766,0.415137917,0.626537085,0.623259008,0.704785883,0.68162483,0.671369374,0.583757818,0.590689838,0.101669036,0.099949829,0.103756331,0.134449795,0.105969429,0.356873155,0.343321621,0.399348736,0.338211238,0.369464636,0.64072454,0.616757572,0.613085568,0.634646177,0.631298363
MAR,Morocco,0.429850727,0.455868542,0.453548044,0.444161952,0.439025402,0.539347529,0.519459069,0.514346778,0.530153036,0.498085946,0.254356891,0.256541401,0.256538063,0.23440361,0.244274631,0.249171495,0.330819696,0.333013982,0.369670898,0.390201807,0.537229896,0.527873874,0.537351787,0.496244997,0.525802314,0.76286459,0.75272888,0.74461323,0.774622858,0.770957291
MOZ,Mozambique,0.057284296,0.103708625,0.111970402,0.078391686,0.077145912,0.088497832,0.089662641,0.156132609,0.172938958,0.180558175,0.098015025,0.112507522,0.10605377,0.09226007,0.093856923,0,0.033316612,0.032731473,0.032242753,0.089554578,0.317612499,0.307063162,0.286951989,0.170861468,0.177356556,0.482753247,0.49277404,0.510205209,0.528532267,0.465482473
MMR,Myanmar,0.043307558,0.100370884,0.080670871,0.173161671,0.204246461,0.076263122,0.093225911,0.107447244,0.245089307,0.327323914,0.129023999,0.12580426,0.125455767,0.112057775,0.11713706,0.078689411,0.099949829,0.08460965,0.141620353,0.140114844,0.230832845,0.247500509,0.16495356,0.41288504,0.440850526,0.316062599,0.330010325,0.367780477,0.44013074,0.462638438
NAM,Namibia,0.214362234,0.257311106,0.274657816,0.277439147,0.304083228,0.060725134,0.123001151,0.12405926,0.248395443,0.301003039,0.346759796,0.347436339,0.342126519,0.298724592,0.302821428,0.053713858,0.086122192,0.103756331,0.096728221,0.15668343,0.509869635,0.490861863,0.514310777,0.468896478,0.484527201,0.619825006,0.610128939,0.673594356,0.705045641,0.689237297
NPL,Nepal,0.207354456,0.233933777,0.225448787,0.205143988,0.23114337,0.11330156,0.11997319,0.127061397,0.125674248,0.228563309,0.251704037,0.247702137,0.231779978,0.202349797,0.206034228,0.095140353,0.105611146,0.127878308,0.122759543,0.124629743,0.320083767,0.310513765,0.285594374,0.23135674,0.281491846,0.661128342,0.661775768,0.676992476,0.757723332,0.748214066
NLD,Netherlands,0.977275789,0.971034825,0.960024536,0.975095868,0.950881779,0.820013762,0.853418708,0.828381717,0.974959016,0.940368772,0.909425259,0.904968202,0.901166618,0.800985158,0.805658102,0.655853033,0.658738673,0.660637975,0.665467858,0.650996566,0.844212592,0.853463769,0.858592331,0.83302784,0.844356,0.815256536,0.81358099,0.809153378,0.842753232,0.831257284
NZL,New Zealand,0.841501653,0.803064287,0.797728181,0.786202312,0.779096246,0.844727814,0.813147426,0.813337684,0.869111776,0.878436625,0.939539552,0.923940599,0.918643832,0.81342274,0.826482356,0.464556068,0.440647334,0.433601975,0.44693774,0.42822212,0.524879336,0.506965041,0.524451137,0.476781935,0.495322377,0.863436639,0.873405457,0.885753274,0.917749107,0.913704336
NIC,Nicaragua,0.120948799,0.159944832,0.154761165,0.136178181,0.183809549,0.125479817,0.131075829,0.137869209,0.157575324,0.268113583,0.294240117,0.297362,0.316762984,0.279974014,0.285054237,0,0.033316612,0,0,0.031899985,0.179647148,0.192723051,0.199941173,0.160526991,0.216439247,0.524050415,0.516830146,0.540172279,0.577277303,0.598662019
NGA,Nigeria,0.179177597,0.198823437,0.268140256,0.227690816,0.184690937,0.204520658,0.210575044,0.474793255,0.374267578,0.230013907,0.357396424,0.361376137,0.361036927,0.321383894,0.326335609,0.1950313,0.192615315,0.215041086,0.229867593,0.239750683,0.141924352,0.117126688,0.149223283,0.076646559,0.096851051,0.311665982,0.314830571,0.30883503,0.357664973,0.33332929
MKD,North Macedonia,0.449748278,0.447621137,0.433128119,0.437958777,0.473151982,0.549884558,0.566090167,0.570687413,0.667447329,0.668891668,0.498486161,0.47546947,0.482769132,0.447703987,0.455534458,0.143960893,0.13016437,0.076000139,0.074865334,0.164920509,0.492091596,0.493865162,0.512815177,0.47215417,0.515055239,0.616034448,0.612809837,0.623913407,0.635483027,0.637843669
NOR,Norway,0.850522518,0.837604463,0.844755292,0.877527714,0.876556635,0.78096354,0.752424538,0.747152686,0.984795272,0.990245521,0.907750726,0.932391107,0.933886588,0.823006272,0.845964968,0.486155003,0.479504675,0.494219363,0.498962015,0.520231724,0.612560272,0.623828709,0.641657829,0.601300359,0.591230035,0.836611092,0.838421643,0.861879647,0.90157193,0.898122311
OMN,Oman,0.394380212,0.404120117,0.444411248,0.405516982,0.455486625,0.497524619,0.572196603,0.581495225,0.553921282,0.589306712,0.459539026,0.459481955,0.453891516,0.395926833,0.402186096,0.16463542,0.15275541,0.213009745,0.18967253,0.26241222,0.365721136,0.27867806,0.344262898,0.316570729,0.442842871,0.593411684,0.594968379,0.683231294,0.742516995,0.737715244
PAK,Pakistan,0.183087289,0.195488155,0.217517182,0.191202253,0.187586516,0.172711119,0.169192478,0.169961005,0.098197796,0.117200799,0.085770242,0.074860536,0.092254534,0.080590084,0.097972043,0.270153076,0.272027046,0.332972288,0.336431563,0.315933615,0.422875106,0.409153104,0.424458832,0.402234286,0.416933537,0.368062407,0.330431908,0.32814911,0.370475054,0.377348661
PAN,Panama,0.415114552,0.412149131,0.4529396,0.453568906,0.460754842,0.329903543,0.336388111,0.454903871,0.416956216,0.545445323,0.452481806,0.442216545,0.443187356,0.393925816,0.391639262,0.145262703,0.099949829,0.13083449,0.231119156,0.182919458,0.679760754,0.651248932,0.661344528,0.635030031,0.62878561,0.695268691,0.733172119,0.743945539,0.774694622,0.772087395
PNG,Papua New Guinea,0.250704467,0.259073347,0.258450687,0.173550159,0.179233819,0.270385742,0.262584388,0.418052405,0.099019893,0.149738386,0.206706524,0.202161416,0.186972186,0.175831914,0.16546382,0.067779362,0.086122192,0.051878151,0.08334627,0.082460269,0.488161802,0.474252671,0.458897144,0.444185078,0.458054394,0.469409794,0.419946671,0.420982361,0.441593051,0.407950252
PRY,Paraguay,0.226245508,0.268109828,0.312946469,0.232230187,0.249722287,0.245898783,0.300405473,0.420348197,0.267369866,0.366571248,0.403807759,0.391317219,0.396368027,0.335112661,0.330103457,0.033889674,0.077358775,0.091888882,0.102207072,0.089554578,0.31604439,0.300985277,0.343809784,0.251043439,0.279011279,0.540862739,0.546015978,0.579914749,0.594461262,0.586775065
PER,Peru,0.321114957,0.317034543,0.354703069,0.317057401,0.370245934,0.319014281,0.189350262,0.311062813,0.299042612,0.406241119,0.484254658,0.483133256,0.486999571,0.431483924,0.441148073,0.13555871,0.170890331,0.19334127,0.207738131,0.251133829,0.29421255,0.295677811,0.31325683,0.229140207,0.294770241,0.562583685,0.562209785,0.582481921,0.602647066,0.597969174
PHL,Philippines,0.548695922,0.546824992,0.593725205,0.539987743,0.586407781,0.412762225,0.454130799,0.497672498,0.394251972,0.51498425,0.430163324,0.435119093,0.431509703,0.388528854,0.392220169,0.298298329,0.217181981,0.332108468,0.330815017,0.371491462,0.951887012,0.958324194,0.961741269,0.915615737,0.906216979,0.55101639,0.551872194,0.570569813,0.61327529,0.70213449
POL,Poland,0.633764863,0.724316776,0.763472736,0.713477254,0.724192619,0.378350079,0.635100186,0.823181868,0.743787468,0.775498569,0.686554313,0.734038651,0.721084476,0.639995933,0.666351557,0.5059551,0.525780141,0.522509396,0.501332521,0.506656826,0.696351111,0.710355938,0.71398133,0.669887006,0.684612155,0.631884217,0.621339023,0.631081641,0.66148299,0.649570167
PRT,Portugal,0.742615819,0.736322999,0.721780419,0.727604985,0.703500927,0.668784618,0.647429228,0.648600102,0.795004249,0.769838393,0.697659612,0.733528674,0.719198763,0.636950731,0.639203131,0.536878824,0.52087754,0.501496673,0.495951086,0.487126589,0.590102673,0.602501869,0.60894531,0.578422666,0.587129951,0.867554426,0.839626551,0.826427698,0.835573912,0.811902702
QAT,Qatar,0.322155237,0.364918023,0.412336171,0.404947043,0.434299827,0.480134249,0.544663489,0.567697942,0.709223747,0.68419224,0.430803984,0.411259055,0.393758923,0.359666109,0.366452187,0.214855492,0.232076332,0.24024415,0.274496555,0.320728719,0.032041095,0.066164233,0.236159235,0.045438133,0.201978788,0.576039016,0.590954304,0.698825598,0.754428625,0.743271887
ROU,Romania,0.677944064,0.657804489,0.640883625,0.613463581,0.616798639,0.79444629,0.772804201,0.779888451,0.722964406,0.78690511,0.506023645,0.505074263,0.509585917,0.452153891,0.448612988,0.544446707,0.520964027,0.486159235,0.50644207,0.49344942,0.67937398,0.682732523,0.677976847,0.646416724,0.65877372,0.538591504,0.496393144,0.489447922,0.499732226,0.483822733
RUS,Russian Federation,0.763481379,0.777705014,0.778675079,0.735084295,0.750410676,0.707818985,0.758150816,0.757735312,0.723625004,0.727124691,0.720617771,0.732924759,0.731538296,0.656421185,0.672468007,0.687155306,0.676697612,0.671204507,0.667831659,0.67446667,0.522619188,0.535152733,0.57543987,0.50025481,0.528218925,0.617366672,0.632567406,0.641520321,0.654102624,0.745201707
RWA,Rwanda,0.062114004,0.16045168,0.178558752,0.102357738,0.15392229,0.098982818,0.363341898,0.362643689,0.226098925,0.243977517,0.204263061,0.183010981,0.17223905,0.133899555,0.153337672,0.033889674,0,0.051878151,0.064485475,0.121454552,0.196010664,0.31858018,0.357721448,0.223627046,0.372163832,0.407800943,0.399463505,0.405173183,0.428917736,0.425951183
LCA,Saint Lucia,0.360529274,0.347427726,0.361002624,0.301461756,0.325938046,0.36707446,0.357194752,0.368672997,0.351020128,0.400710493,0.466323525,0.476388902,0.472402573,0.424985737,0.433459699,0,0,0.032731473,0,0.031899985,0.516466677,0.451395184,0.505469441,0.383337706,0.425403535,0.785659134,0.749133289,0.719853699,0.723733604,0.700469852
STP,Sao Tome and Principe,0.17847307,0.192315415,0.201284856,0.162041917,0.132523134,0.232871547,0.23025699,0.232055783,0.189335525,0.179910213,0.27867657,0.289012402,0.299099863,0.293728918,0.2985048,0,0,0,0,0,0.346198767,0.326751828,0.396671057,0.305485219,0.242914245,0.526927948,0.468533456,0.46785146,0.487012237,0.474526197
SAU,Saudi Arabia,0.510273337,0.573019803,0.56185323,0.541829348,0.550968647,0.466440409,0.623244584,0.493831605,0.5528,0.587212682,0.587686002,0.624676585,0.638401151,0.565380454,0.57902211,0.482668966,0.516932607,0.521146357,0.500374973,0.525324822,0.32122761,0.279913902,0.325144559,0.292114288,0.306352913,0.577256024,0.581347585,0.641392529,0.677202642,0.656331003
SEN,Senegal,0.170862064,0.199373886,0.183113188,0.17875652,0.183343813,0.177062914,0.180295095,0.138369575,0.200397521,0.194364891,0.141366527,0.138272375,0.141997665,0.133228704,0.143960163,0.095140353,0.105611146,0.098194435,0.134449795,0.167408779,0.419411093,0.426889569,0.430828929,0.340178818,0.342574567,0.479672968,0.465224654,0.467387527,0.497332096,0.509807825
SRB,Serbia,0.528545797,0.558905006,0.555459797,0.563939035,0.551027,0.522554398,0.587667465,0.620204985,0.704697371,0.690554917,0.556918442,0.57213521,0.562457621,0.485666126,0.500112236,0.284143716,0.302992225,0.280625165,0.314968824,0.288030237,0.610734403,0.617026269,0.630258918,0.612792909,0.624061227,0.58153373,0.561594009,0.564124048,0.591822684,0.58581692
SLE,Sierra Leone,0.088940434,0.087655149,0.100850359,0.093123466,0.061091557,0.134063035,0.134370551,0.140226021,0.128546715,0.13897942,0.112893231,0.11517635,0.112978958,0.098311126,0.108568408,0,0,0.032731473,0,0,0.626167715,0.410309464,0.47874853,0.481700629,0.502852202,0.089553431,0.051800687,0.073356979,0.116136208,0.085779846
SGP,Singapore,0.959333718,0.962858319,0.967847228,0.946214795,0.947711766,0.929766357,0.991275966,1,0.96890986,0.973875463,0.883343935,0.880821645,0.895448089,0.794222832,0.810534954,0.569360495,0.575122595,0.571103692,0.572125316,0.594726145,0.865854383,0.880826771,0.901169419,0.887044311,0.882381737,0.834926486,0.836607277,0.831611395,0.862251401,0.85524863
SVK,Slovakia,0.643649519,0.639439106,0.636831462,0.665331841,0.693132341,0.584094226,0.568561733,0.570218444,0.825892389,0.844290495,0.628192961,0.62150836,0.609411359,0.539229929,0.5499596,0.383348346,0.386805713,0.394313932,0.362020731,0.417789102,0.758841634,0.767479897,0.759361982,0.723522067,0.741894662,0.617090702,0.609037876,0.627191305,0.672823489,0.682740092
SVN,Slovenia,0.676767528,0.67328608,0.699778795,0.703380704,0.703628838,0.475212395,0.480952531,0.667813897,0.798050284,0.797288299,0.823207676,0.844691336,0.824933231,0.725524783,0.738366902,0.384282559,0.377108932,0.357660353,0.361412942,0.367293954,0.710418582,0.72100085,0.724761009,0.686172783,0.698766172,0.688278198,0.631198108,0.613692105,0.624024987,0.612769723
ZAF,South Africa,0.527446389,0.566936255,0.535434365,0.54709667,0.547347724,0.399091214,0.410184622,0.355094582,0.501603901,0.532985687,0.476314545,0.468729496,0.449376702,0.403608561,0.409083724,0.390556783,0.472888827,0.427726626,0.442386299,0.450570136,0.509148359,0.52935344,0.545197904,0.499277979,0.502247393,0.877174735,0.876030982,0.876870394,0.89821595,0.899746239
ESP,Spain,0.793645084,0.774619401,0.776544929,0.828083992,0.818370521,0.482776374,0.475701004,0.49114278,0.836537719,0.853729844,0.75927645,0.759625733,0.749911964,0.667918146,0.682220876,0.708272636,0.670685709,0.680049062,0.673206985,0.660862327,0.67531997,0.677479982,0.681762278,0.641441226,0.649448514,0.872972786,0.841225684,0.82526207,0.836809576,0.819540083
LKA,Sri Lanka,0.312446713,0.36937651,0.37036854,0.353998393,0.371161312,0.281413555,0.347368181,0.35923484,0.269421816,0.324427873,0.438248634,0.428182304,0.436801672,0.391705304,0.407067806,0.155382916,0.221875042,0.205730513,0.316944391,0.309034377,0.379137278,0.436800391,0.441506177,0.353787392,0.410713196,0.543825626,0.530694723,0.56958729,0.616808713,0.614271104
SUR,Suriname,0.320061475,0.334335953,0.350911945,0.302743405,0.340138853,0.472464889,0.364260078,0.370574385,0.294188261,0.369217634,0.516119301,0.508997381,0.50450933,0.452120602,0.455649167,0,0.033316612,0,0.037268959,0,0.254316449,0.373174369,0.528517187,0.322099894,0.525402367,0.492909014,0.485566497,0.535309851,0.574009121,0.537970781
TJK,Tajikistan,0.11506357,0.146080405,0.176947072,0.129081175,0.093038768,0.067384914,0.072267905,0.137318805,0.113566078,0.118108243,0.314514279,0.305575609,0.299301773,0.261974514,0.266230851,0.033889674,0.033316612,0.051878151,0.051103529,0,0.300924271,0.318344832,0.388999194,0.318843693,0.309754431,0.400137305,0.410742253,0.422756136,0.407136738,0.324347615
TZA,"Tanzania, United Republic of",0.045921508,0.047427252,0.10878703,0.06073764,0.061418384,0.077877395,0.075057954,0.144942954,0.192995727,0.170080364,0.074341029,0.037952375,0.04083566,0.055177487,0.055930477,0.101669036,0.077358775,0.08460965,0.115589023,0.153272823,0.304551542,0.261898339,0.486929297,0.185956717,0.199652195,0.310632348,0.292341024,0.315644056,0.324216336,0.312808484
THA,Thailand,0.493179351,0.542583525,0.553018093,0.563676655,0.565969169,0.427691281,0.463972181,0.544293404,0.604046345,0.621837556,0.372733891,0.374046952,0.382413298,0.350545138,0.37214151,0.306404322,0.379972696,0.3426027,0.383618176,0.400188893,0.684887111,0.711159468,0.713892579,0.678501368,0.674296975,0.866393685,0.867262542,0.879913628,0.902864456,0.895624816
TGO,Togo,0.106292166,0.166758537,0.164770961,0.179160103,0.167513534,0.014402368,0.014231391,0.078326225,0.099990882,0.107471474,0.242420286,0.242901757,0.236480653,0.210760862,0.214378431,0,0,0.032731473,0.064485475,0.082460269,0.328667045,0.523891091,0.354581833,0.413518339,0.359597862,0.564073086,0.528854966,0.561062574,0.593043685,0.579369545
TTO,Trinidad and Tobago,0.309427351,0.37118873,0.400202632,0.376983523,0.420617789,0.298305243,0.497491717,0.530928016,0.559304953,0.706651628,0.483492374,0.478539825,0.478334159,0.431474567,0.446641743,0.121493235,0.086122192,0.117341124,0.141620353,0.074069478,0.305177599,0.331321061,0.432046443,0.302310944,0.403554887,0.493558109,0.484110057,0.526826024,0.579032302,0.582258642
TUN,Tunisia,0.495591223,0.525727272,0.509496212,0.48318094,0.493694365,0.401379019,0.457889915,0.461108357,0.444483072,0.440961212,0.518811941,0.516795516,0.506667614,0.455767185,0.471479297,0.298829764,0.323493153,0.271645337,0.273929626,0.319069982,0.615663707,0.629570663,0.640654147,0.604796171,0.611742497,0.725687027,0.717474639,0.72622478,0.760168552,0.770653665
UGA,Uganda,0.135044605,0.162428558,0.165635303,0.165355533,0.156632751,0.066727504,0.069744587,0.134366661,0.225801051,0.241581053,0.200439513,0.192066744,0.190293461,0.166107282,0.173229992,0.107427746,0.115256541,0.098194435,0.119312301,0.130390003,0.478401393,0.442419231,0.449797005,0.409781665,0.354005426,0.342221767,0.328157008,0.345294476,0.370191038,0.361109734
ARE,United Arab Emirates,0.561165571,0.566236019,0.569110572,0.591320157,0.587960601,0.497773588,0.435626954,0.445421398,0.705077469,0.67751503,0.54090929,0.547470272,0.552784562,0.490940213,0.490686685,0.381659329,0.409400225,0.413614422,0.397346228,0.400188893,0.633683264,0.643721402,0.584222436,0.51025182,0.593045354,0.668863356,0.672706485,0.725517869,0.777301192,0.761883378
GBR,United Kingdom,0.995750666,1,0.995620072,0.983680725,0.966614366,0.842338383,0.818285286,0.814004004,0.887010038,0.880699217,0.814995706,0.899186611,0.902714372,0.779119551,0.789957106,0.753471434,0.751149774,0.75904423,0.763101041,0.752301157,0.824048519,0.847432852,0.844886363,0.823952138,0.827123165,0.877564251,0.850139082,0.847750783,0.877473176,0.876484096
USA,United States of America,0.995321453,0.966078401,1,1,1,0.573680997,0.535846293,0.710032284,0.816676378,0.873618007,0.834726453,0.821112752,0.819969118,0.724775195,0.736654818,1,0.976477623,0.963762045,0.958866,0.947706759,0.785206676,0.788108587,0.783153057,0.757769406,0.762726665,0.936692894,0.937170148,0.937125266,0.968604326,0.973092198
URY,Uruguay,0.384214461,0.430265963,0.444563121,0.42108801,0.454116315,0.311687827,0.319711328,0.333527505,0.418299496,0.594446003,0.555199206,0.575213552,0.569749415,0.492751747,0.506865263,0.141317427,0.215836331,0.217361823,0.2278485,0.198852912,0.489273191,0.498571396,0.560844839,0.482040614,0.479344279,0.47738111,0.462775409,0.491164058,0.499251843,0.480634928
VNM,Viet Nam,0.425337076,0.438156575,0.484261811,0.458646566,0.49636513,0.398441404,0.389555633,0.421704173,0.4925192,0.534274578,0.31643039,0.310032457,0.311753452,0.274205178,0.283237577,0.228007078,0.235058084,0.314450324,0.25415799,0.338717163,0.712257743,0.726672769,0.750062108,0.713992477,0.733570695,0.778168857,0.777764857,0.809854269,0.8616907,0.87054801
YEM,Yemen,0.034804743,0.056013987,0.05095391,0.002021327,0.017391231,0.084064744,0.092454501,0.102525055,0.028512262,0,0.168783099,0.160197973,0.164691538,0.136422291,0.134502679,0.067779362,0.052805565,0.076000139,0.115589023,0.124629743,0.252176583,0.294776768,0.259673387,0.086994179,0.228812575,0.127776131,0.085990116,0.084390439,0.108129196,0.10922838
ZMB,Zambia,0.115579836,0.158793956,0.1980097,0.149023682,0.128820926,0.061987653,0.253233671,0.265098274,0.261228263,0.24047634,0.292416185,0.284110367,0.27843219,0.243977249,0.24847579,0.053713858,0.033316612,0.08460965,0.074865334,0.074069478,0.321447671,0.211580053,0.327309668,0.232830539,0.243102461,0.363785923,0.352496892,0.388943344,0.353942543,0.275013864
