country_code,ECONOMY,Overall_Productive_cap_index_2014,Overall_Productive_cap_index_2015,Overall_Productive_cap_index_2016,Overall_Productive_cap_index_2017,Overall_Productive_cap_index_2018,Human_capital_2014,Human_capital_2015,Human_capital_2016,Human_capital_2017,Human_capital_2018,Natural_capital_2014,Natural_capital_2015,Natural_capital_2016,Natural_capital_2017,Natural_capital_2018,Energy_2014,Energy_2015,Energy_2016,Energy_2017,Energy_2018,Transport_2014,Transport_2015,Transport_2016,Transport_2017,Transport_2018,Info_comm_2014,Info_comm_2015,Info_comm_2016,Info_comm_2017,Info_comm_2018,Institutions_2014,Institutions_2015,Institutions_2016,Institutions_2017,Institutions_2018,Private_sector_2014,Private_sector_2015,Private_sector_2016,Private_sector_2017,Private_sector_2018,Structural_Change_2014,Structural_Change_2015,Structural_Change_2016,Structural_Change_2017,Structural_Change_2018
AFG,Afghanistan,20.49937188,20.5233958,21.71239041,21.98814423,22.11770619,35.4310862,35.73605806,36.08972976,36.57788165,37.01340549,57.9792586,57.97308481,57.97310031,57.80558477,57.63806924,25.48712108,25.56248751,25.60211091,26.0847031,26.5672953,8.807170534,8.761537087,14.64123488,14.61304497,14.58485506,4.574833068,4.71829368,4.960378145,5.144637827,5.328728731,22.38763304,22.22874343,19.54810877,19.48825286,19.132798,42.32531316,42.32735451,42.30901674,41.63335667,40.81858366,15.60006866,15.2811587,15.35129483,16.24143913,16.64725826
ALB,Albania,30.33716623,31.12187365,31.18487231,31.43106653,31.6481142,52.50819469,52.67686841,52.56155357,53.12130501,53.68306893,50.86130897,50.42872511,50.42870476,50.42870476,50.42870476,25.30911696,25.31413367,25.31413367,24.88892781,24.55347815,14.00397008,15.63207464,15.58477475,15.58344126,15.58228384,10.58021227,10.96308978,11.31345052,11.87526319,12.44884003,54.30298071,54.43255657,54.34877912,54.73391683,55.08663282,82.01429852,81.90777445,81.87783959,81.84790472,81.81796986,16.08605977,17.12897697,16.98990327,17.23254813,17.31807446
DZA,Algeria,26.64273116,26.82023013,29.16441926,27.51730371,27.76087312,50.81050197,50.77462444,51.44348595,51.67240148,51.90090823,55.33858555,53.61606935,53.61612018,53.96539312,54.22498996,29.0499536,29.05060739,29.05060739,29.10665352,29.15190658,8.156411752,8.145494458,14.68666721,8.519947705,8.516016998,8.429130573,9.169407182,9.928460423,10.58886799,11.25017282,35.99242689,35.95054452,35.44745841,35.50484405,35.46696054,77.55489958,77.78207031,77.8401458,77.88519474,77.93851352,16.19573502,16.20911892,16.23498034,16.23498034,16.23498021
AND,Andorra,40.65109576,41.36920509,41.39633521,41.69091324,41.84524266,55.56115291,55.65464686,54.42640094,55.96945867,56.20164585,53.28722662,52.7302143,52.71876783,52.8485785,52.93263657,29.21275007,29.21792214,29.25576814,29.23698975,29.23699848,26.79223987,27.88073091,28.16404829,28.32195142,28.47992813,15.8675337,16.29996412,16.56481078,16.83039791,17.09605443,63.1291654,63.18338662,63.04713034,63.18375909,63.23284555,87.09488838,87.15969843,87.14307608,87.24105272,87.30739447,36.88672319,39.97584848,40.08012042,40.16708179,40.21007142
AGO,Angola,22.11367907,21.90154817,22.03398531,22.11767765,22.15588531,32.41560447,33.07090933,33.8637468,35.0296049,35.8853199,55.71112341,51.88408365,51.88384978,51.91430194,51.9447511,22.54147807,22.62448745,22.62448745,22.69703989,22.76959233,10.77716839,9.889462853,10.60629201,10.57685821,10.54091961,5.024594597,5.147187882,5.0326215,5.009757658,4.986995588,31.61089562,32.06954442,31.91474014,32.17088968,32.18441764,64.80441275,65.87653981,65.66794311,65.57807337,65.57931809,12.66375541,12.68157488,12.49383941,12.41165199,12.33017055
ARG,Argentina,32.30846502,32.48217334,33.02997262,33.06384759,33.03423878,55.40817159,55.66833449,55.37053096,55.37401853,55.38070084,55.73778566,55.33839736,55.33824565,55.33824565,55.33824565,29.80259717,29.86079862,29.86079862,29.74637657,29.75296112,11.68366319,11.66738039,11.65230537,11.65027882,11.64886326,14.91703476,15.2969957,15.56298016,16.00694947,16.48502831,45.88638534,47.59150593,54.06290956,52.73955683,50.40753043,73.63394413,73.66375242,73.62938268,73.56222188,73.50745496,21.90430692,21.53087232,21.4488998,21.65835235,21.85749298
ARM,Armenia,31.56391799,31.51141921,31.8878237,31.99979577,32.15815686,47.73139263,47.76065684,47.69784588,47.92213287,48.09978875,57.1162185,57.06472281,57.06474865,57.07057687,57.07643134,28.74329903,28.19852877,28.19852877,28.26505009,28.3315714,13.45547056,13.45030752,14.61560152,14.6152255,14.61484949,12.14577808,12.42467897,12.59836778,12.84765602,13.127945,48.69889672,49.0706289,48.69628781,47.98908564,48.47391433,78.61870902,78.45280265,78.61661253,78.57714813,78.71328377,20.09360324,19.66218495,19.75899079,20.08682671,20.08682671
ABW,Aruba,35.57491506,36.03855212,35.31260799,35.39261403,35.44858347,43.60332454,43.54009003,43.11920548,43.45744241,43.53094321,48.24589799,48.24587536,48.24574272,48.24588326,48.24601567,23.71840572,23.70825957,23.74235046,23.75186601,23.76138156,25.92075343,25.89891334,25.72821737,25.85885059,25.85885059,18.10385939,18.17850472,15.92773419,16.17868731,16.4313665,80.0443141,82.67292669,82.8628344,82.46001053,82.46001053,79.10848983,78.92166485,78.93080282,79.04879295,79.11632677,17.30266952,18.59902763,18.26479863,18.12958379,18.02467582
AUS,Australia,42.39775361,42.45516564,41.75793361,42.48904451,42.58513375,76.75742724,79.34815735,70.15540811,78.10783479,78.21635606,59.59144612,58.15193255,58.15193689,58.03526166,57.91858643,36.05488605,36.12063308,36.12063308,36.15965459,36.19387768,15.80452681,15.75237784,15.72366253,15.70610136,15.6885402,22.24439981,22.43198446,22.74271837,23.30630792,23.63513107,91.91023032,90.65538119,90.49649415,90.9937476,91.25993756,88.20895625,88.6056288,88.90510633,89.07782975,89.25055317,22.21240503,22.31101094,21.80603747,21.84146898,21.84146898
AUT,Austria,43.37215056,43.46129922,43.51392354,43.78511862,43.97418007,78.41094619,78.49271461,79.11490276,79.65985133,80.28157183,44.55287605,44.54077851,44.5407855,44.53984464,44.53753316,33.45752172,33.52422283,33.52422283,33.54721741,33.56048703,20.51478878,20.33627724,20.2840926,20.26286543,20.24664444,23.13987345,24.3499919,24.67626074,25.33683451,25.96952803,89.86763837,88.49946072,87.14332277,88.64428858,88.82352081,85.42833295,85.34444532,85.25222846,85.3002621,85.3401524,29.39734818,29.03953164,29.26013158,29.23568087,29.23568087
AZE,Azerbaijan,29.86782563,29.95081462,30.2024147,30.1906914,30.22042025,46.43188091,46.60194252,46.65953113,46.71006122,46.82985613,61.04929359,58.93998222,58.93962595,58.90384266,58.866148,29.92939287,29.91629647,29.91629647,29.63892394,29.58235811,13.23815995,13.44925779,13.47093736,13.49193842,13.5116406,14.80131451,14.88775796,14.55233443,14.4550343,14.39824588,38.8815873,38.90370774,39.21742914,39.57829263,39.93915611,71.80621877,72.26172375,71.97639808,72.10736066,72.20521645,13.64583375,13.99975175,15.20820799,15.20680036,15.20539248
BHS,Bahamas,36.48218728,36.17712801,36.30134354,36.22949391,36.27736765,51.0912253,51.06999518,51.13638768,51.35762947,51.58643209,38.76680168,38.76638525,38.76640278,38.76204226,38.7579336,24.22517036,24.24388577,24.23452717,24.24301157,24.25049643,37.26389483,35.74870274,35.77693013,34.91184411,34.90051865,16.37737619,16.57898839,17.10545391,17.370013,17.634572,73.37551038,71.82205399,70.65393901,70.02175949,69.52800086,81.08635888,80.70318826,80.79538289,80.61077455,80.46591234,18.01118603,17.79436571,17.96804773,17.96804816,17.96804825
BHR,Bahrain,38.08877874,38.29881687,38.39317701,38.73727287,39.02701959,48.8253113,50.08985216,51.46642668,52.84577042,54.07508422,50.91826873,50.14990075,50.14994616,50.12601074,50.10230622,39.27068458,39.27068458,39.27068458,39.23921641,39.21983532,27.61479893,27.56776255,27.52035377,27.53658052,27.5668665,18.10382058,18.08707748,18.85428189,19.4955187,20.13675551,55.21478387,54.56117611,52.41984335,53.21226133,53.35110409,83.84307939,84.33689083,84.33976885,84.49052927,84.61902208,19.60444455,20.45141379,20.30379955,20.21036193,20.2103619
BGD,Bangladesh,25.55909097,26.03212443,26.47675788,26.64962877,26.84937474,42.93184175,43.52975496,43.76641143,44.2279175,44.68604299,57.95488018,58.06566701,58.06586534,58.06904814,58.0722631,24.67413412,24.86911676,24.86911676,25.08699706,25.30124863,11.65831696,12.713493,13.56411561,13.61429992,13.59104657,5.808305545,6.04684007,6.28598414,6.475001271,6.683212656,37.24006587,36.77340397,37.717797,37.51327829,37.7406398,72.64205579,72.67592211,72.71997009,72.72818402,72.73639796,16.19451318,16.33026131,16.33922506,16.41785809,16.49649112
BRB,Barbados,37.87381491,38.15685756,37.97450999,38.24101658,38.39777737,53.28748065,53.10104695,52.98649001,53.11090088,53.26814515,49.54942484,49.52356037,49.52434704,49.4712857,49.39744561,25.00717695,25.0176417,25.02194979,25.06767895,25.12673903,24.03466286,23.98635118,23.76644371,23.84925654,23.9004824,19.8317806,20.72514034,21.06799737,21.72715761,22.32007859,78.31833663,79.26272693,76.39454113,77.53597162,77.76001217,81.57433922,80.42561665,80.37363026,80.08773427,79.80285808,21.05557878,21.55233942,21.42244334,21.57930434,21.59053198
BLR,Belarus,33.37125908,33.54565817,33.93279106,34.20315364,34.39257904,51.43754168,51.5647759,51.63520145,51.68233909,51.72855354,48.25056842,48.17361943,48.17295687,48.10471368,48.07049196,31.64989819,31.64066779,31.64066779,31.70057874,31.76048968,15.60187554,15.61908678,15.65834314,15.68823721,15.7176788,18.58046565,19.59367794,20.24137107,21.20673885,22.04713664,40.28366549,40.13087248,40.73176879,41.47991466,41.6846705,77.82630624,78.18476812,78.07543281,77.71733398,77.71733398,21.54452799,21.24761199,22.1578919,22.15789193,22.07938595
BEL,Belgium,44.5242614,44.65106983,44.66551349,44.84134252,44.97917483,77.1212215,79.03944067,79.53038825,80.44149729,81.33711935,50.14028099,50.1201824,50.12018094,50.10031968,50.08013899,35.13134383,35.14179397,35.14179397,35.0618562,35.00991101,23.09925561,23.07429191,23.13494119,23.31748681,23.32457017,22.56496566,22.99706422,23.18129941,23.56927347,23.91818736,84.49814537,84.6761363,83.83745064,83.72216219,83.70182741,83.8418504,84.00136722,84.13838604,84.2319222,84.32545835,30.78773018,30.06951018,29.89307361,29.84889259,29.83396582
BLZ,Belize,32.89509306,33.6225649,33.49937329,34.00288575,34.26332083,46.21044235,46.35501049,46.40836572,46.59737745,46.78061245,40.33277996,40.09806898,40.09821369,40.10303863,40.10786357,24.2035409,24.3442031,24.34497578,24.47839973,24.47839973,55.27147606,56.64038154,56.33655697,58.46493162,60.59330628,7.942686984,9.264401546,9.131598635,9.363618434,9.595638233,48.84733865,49.05735035,48.61405024,48.52575098,48.23985288,78.06625841,78.09920862,78.01607094,77.93293326,77.84979558,18.15511412,17.95298871,17.94237026,18.87000391,18.94066402
BEN,Benin,23.39043454,23.60657823,23.59438686,23.71190558,23.84175,36.63220932,36.86951401,37.25149043,37.6296446,37.96932554,50.9106981,51.47426893,51.47452167,51.54217396,51.60982625,17.04478881,17.15486131,17.12191192,17.15913609,17.19652255,10.34130866,9.468338888,9.382005535,9.393989853,9.393464884,5.272145009,5.710630251,5.567126793,5.799185177,6.03095448,47.54292907,47.17738708,48.2805073,47.37543707,46.84770225,76.69145958,76.69669294,76.86791898,77.09664951,77.35018796,14.17903734,15.1408814,15.09168006,15.09168006,15.09168006
BMU,Bermuda,44.40995271,44.05453632,43.14630931,43.02653165,43.680314,51.16928622,51.33481803,51.39115245,51.44501214,51.50670431,44.39551187,44.39555609,44.39558415,44.3955124,44.39546149,25.20703901,25.18806444,25.18580102,25.18580102,25.18580102,51.14650511,51.59048798,52.63223875,52.83116236,52.68973307,41.90500272,39.47016019,30.0809006,34.91867891,36.06056126,73.77592793,77.78899609,78.8890089,78.59625713,77.99776524,84.93602131,84.70294042,84.66740764,84.8646682,85.0625207,19.6735981,18.42144,19.76468423,16.59494609,18.25362063
BTN,Bhutan,28.61477742,29.01317534,29.52632616,29.79838677,30.10631333,45.64185824,45.87139099,46.04154697,46.27879962,46.53099265,41.45233976,41.93438187,41.93482435,41.74056662,41.54572147,21.87380048,21.88306464,21.90632495,22.13659567,22.36686638,20.36628055,19.79501771,21.75674026,21.7505767,21.74441315,7.303283085,8.016533495,8.236225836,8.727449561,9.218658302,62.03349736,63.22576944,63.9794496,63.24397566,63.27687984,73.30128055,73.36966787,73.45538539,73.65987368,73.86436196,16.05900667,16.20274584,16.2179078,16.43926922,16.66063064
BOL,Bolivia (Plurinational State of),28.18712001,28.14396245,28.54101738,28.81755771,29.08496755,46.27184855,46.99214123,47.13435831,47.14840267,47.21946506,53.76569336,52.63995187,52.64010249,53.00325493,53.00325493,27.9469788,27.8983435,27.8983435,27.91853574,27.9142671,13.43123391,13.31646431,13.33867225,13.33867225,13.33867225,8.131705184,8.098804469,8.435634696,8.70347784,8.990823696,41.54733237,40.92222488,41.05492527,41.0281831,40.76868734,76.70801642,77.09894034,77.5122971,77.47537203,77.63980811,16.46520854,16.76275185,17.76464849,18.47327205,19.30970199
BIH,Bosnia and Herzegovina,32.71858927,32.60007549,32.59426836,32.73124522,32.86034973,53.75613122,53.6946503,53.7260558,53.88035644,54.12484971,50.05218541,49.99274436,49.99270197,50.16397159,50.22951338,27.95010274,28.01732074,28.01732074,28.1100215,28.19770697,14.73778421,14.74530779,14.74971394,14.75446576,14.75921758,13.00822191,13.44321294,13.69522018,13.95203221,14.20885979,50.75213046,47.87145026,47.92567769,47.78559073,47.83330493,80.39755864,80.31917981,80.33655842,80.26271387,80.20947006,22.32414481,22.25519879,21.76594976,21.96063597,22.04090304
BWA,Botswana,29.58814114,30.25886472,30.20085456,30.41809557,30.58573826,43.37240136,43.73566729,44.14262272,44.62286257,45.08612145,58.15069546,57.97481662,57.97510445,58.08424671,58.14899312,26.43394714,26.42859173,26.42859173,26.85404285,27.1557767,12.51444528,14.66347264,14.9307815,14.9510672,14.96408147,9.940146732,10.00579826,9.973297662,9.964546626,10.14783589,69.60009387,69.54110736,70.08792582,70.34277591,70.34277591,68.0235687,68.16431181,68.04829398,68.25332336,68.45835273,14.96020064,15.0794202,14.40782382,14.72168946,14.71075595
BRA,Brazil,31.67576812,31.56234613,31.39864671,31.60734246,31.69319112,57.5801168,58.36781624,56.87438571,57.83092735,57.84726158,45.30520899,45.05737651,45.05712643,45.16989373,45.24643223,26.9387403,26.80716039,26.80716039,26.86403153,26.91254161,11.31189676,11.21332737,11.27060047,11.23146069,11.21474554,13.41648476,13.4241431,13.33650052,13.79864058,14.21438371,54.19633646,52.03875636,51.74276681,51.74276681,51.74276681,75.99746429,76.05517883,75.92171614,75.93427107,75.9385566,23.07151276,23.44700044,23.28905221,23.31113513,23.07153304
BRN,Brunei Darussalam,34.44147963,34.54961269,34.74336909,35.04032303,35.19098549,50.37078045,50.27243457,50.50722927,50.62746022,50.74779657,40.42799755,38.47743972,38.47748297,38.4775091,38.47754432,37.08902248,37.08895773,37.08895773,37.11544186,37.13302898,22.81062708,23.26445248,23.03541126,23.02035996,22.91992506,12.54989769,13.08974425,13.66686823,14.34104861,14.90095543,69.24853084,68.01578473,67.62186624,68.83889132,68.71363009,79.14999031,82.15561123,82.30028897,82.27219508,82.22254704,16.70741534,16.63005981,16.81191253,16.81191219,16.8114584
BGR,Bulgaria,34.75602522,34.9363881,34.99177683,35.03269468,35.09162861,58.50223177,59.45393769,58.41328774,58.69742359,58.98155945,52.11673575,52.11367131,52.11372519,52.05551136,52.00650727,30.14031706,30.09416453,30.09416453,30.17782048,30.24736987,13.38791086,13.39524186,13.41366402,13.50604464,13.55186827,15.38169633,15.50245074,15.4716895,15.61722205,15.74069525,58.05669125,58.30637545,59.67554798,59.52899188,59.52434033,80.50193801,80.29532874,80.21571733,80.1322142,80.04871107,24.07507843,24.48229907,24.69680963,24.45384123,24.38342019
BFA,Burkina Faso,21.01129321,20.86937933,21.05555162,21.51742228,21.70209039,30.00139887,30.77251616,31.41858928,32.08969829,32.83457099,60.25388413,61.26208493,61.26222194,61.51688929,61.77171273,14.72701784,14.8054524,14.80682541,14.55608077,14.40812069,9.128877595,7.79398928,8.46159864,8.428159722,8.391034723,5.058780467,5.355742819,5.572104249,5.777278434,5.981304155,43.77243521,45.71804497,46.13083572,46.16388401,46.50096629,66.71398841,66.81951415,66.91966605,66.97892027,67.03817448,10.58035089,10.10949165,9.312683989,10.62235832,10.76189261
BDI,Burundi,20.1249919,20.20177262,20.5406088,20.59087172,20.78857353,35.20348285,35.5094698,35.8914163,36.25755809,36.61068801,66.86887008,67.54597683,67.54563617,67.54590817,67.54610831,14.56262969,14.52952082,14.79310409,14.80895849,14.81565771,10.33851899,10.39169672,12.72096706,12.72096706,12.72096706,3.570620701,4.145638886,4.204054618,4.336098685,4.467537152,32.86453834,27.24687479,23.95864159,24.75435729,25.55381635,65.70779289,65.58980015,65.62950614,66.02117694,66.32889218,9.846680044,10.3392712,10.50774394,9.883745349,9.883745349
CPV,Cabo Verde,30.2140525,30.46668714,30.74242348,30.90287742,31.11465954,45.29746758,45.40747423,45.56052916,45.72072926,45.87280423,46.93851494,46.9784807,46.98006902,46.97132107,46.96257312,23.74539498,23.72662174,23.73613585,23.80353008,23.90456247,14.66760285,14.67266069,15.74525508,15.74525508,15.7452506,9.865427931,10.15205448,10.24768068,10.60284451,10.96652421,65.46190803,67.05829922,65.71943466,65.99817295,66.63050213,82.13305535,82.0586025,82.03209789,82.10281488,82.10281488,17.68102591,17.89370111,18.05258734,17.98630727,18.05854439
KHM,Cambodia,24.69281374,25.84879057,25.96455372,26.22372111,26.45984065,42.58290161,42.86983101,43.03417416,43.37454379,43.53265414,46.4707848,46.4815416,46.48161798,46.92258045,47.07687118,19.22554937,19.43381619,19.43381619,19.70924789,19.88187385,12.38609751,16.2101579,16.1461591,16.1461591,16.1461591,6.986028094,7.2375344,7.431106476,7.560718724,7.764415696,38.68975396,38.31616401,37.71167385,37.97715527,38.22021883,79.10217551,80.09343144,80.11947416,80.72737633,81.30775694,13.71896691,14.29468623,14.65741844,14.89676967,15.13612089
CMR,Cameroon,22.96096987,23.14610066,23.33511766,23.48437322,23.59656651,36.01765813,36.29519105,36.5612531,37.35423039,38.22710279,47.59972731,47.1390638,47.13914974,47.68120777,47.91951157,21.52056858,21.55007787,21.55007787,21.6449872,21.66272799,9.020075254,8.994332691,9.445777727,9.20027981,8.807785344,5.951146685,6.116167933,6.288520839,6.611518482,6.98416749,33.58419542,33.75671592,33.76638688,33.35316396,33.25434963,74.50984353,74.54945827,74.5680573,74.64409895,74.7201406,15.58794039,16.13952641,15.82722049,15.84720385,15.84623503
CAN,Canada,42.07800017,43.20155857,43.35296884,42.28343456,42.30072146,72.15662984,72.05837696,72.23995945,72.44854836,72.65713726,43.06865986,42.69043417,42.69044184,42.68594758,42.68141381,37.73193686,37.60489417,37.60489417,37.62330859,37.64172301,19.07415805,23.20716824,23.87297778,19.50124703,19.50124703,23.37983165,23.66947444,23.55013657,23.68123943,23.82944214,92.90646943,92.94619016,93.09800775,92.92851011,92.75927404,82.3981842,81.75883151,81.47468339,81.11108358,80.75461953,24.54955793,25.12805462,25.23103944,25.2286762,25.22868691
CYM,Cayman Islands,32.63878063,32.8703096,33.0152583,33.22958915,33.40381326,44.83249896,44.90844912,45.20265354,45.21927098,45.30322421,45.79392921,45.64480732,45.63384808,45.65867814,45.52981091,19.13677473,19.21164936,19.15494136,19.18652197,19.14196772,36.87818708,36.92647284,36.96980697,37.53503738,38.10026779,10.9040343,11.59373925,12.06370658,12.41181411,12.7590217,53.01304821,53.29433761,53.08455896,53.05876412,52.96078945,79.71818325,79.67906253,79.64772445,79.9500932,80.21186239,19.28878453,19.03529584,18.94594233,18.98927607,19.0115876
CAF,Central African Republic,17.09115921,17.74232803,18.9096223,17.99978578,18.05915099,26.01217367,26.86122268,27.34490755,27.67933036,28.12669974,55.27656812,56.12867694,56.129184,56.13300448,56.13682497,16.71928137,16.73553387,16.65526941,16.63319191,16.6111144,8.486538944,8.565043163,14.13229183,9.026700566,9.026893252,3.540375416,3.589184822,3.593349698,3.646836333,3.698905943,17.1647656,19.95172733,20.45734551,20.71776276,20.92915847,53.31252911,53.22800131,53.24086544,53.48125493,53.31943583,11.01513306,11.92034001,11.56217444,11.6895952,11.57615501
TCD,Chad,15.88723108,15.66344284,16.69741025,16.9103685,17.14428428,27.47194018,28.07120088,28.54783246,29.1163593,29.67687759,61.40023485,59.566013,59.56556269,59.9650232,60.20224266,12.96330229,12.97181443,12.87697799,13.09596931,13.24251064,10.3452864,9.954695995,13.57657384,14.00078523,14.42499663,3.882122787,3.923145502,4.108269915,4.242367201,4.411680603,25.10224239,26.65035601,24.49320871,24.31307406,24.10857489,39.64386136,39.67167686,39.74210849,39.65872791,39.59099377,4.644194856,4.045680392,5.082353371,5.106373108,5.193569445
CHL,Chile,35.48700915,35.70326719,36.27025507,36.44428829,36.60865699,55.50483693,55.88574597,56.02141208,56.34776428,56.64263221,55.49734392,54.79267663,54.79268335,54.66263995,54.53259654,30.61258695,30.77472077,30.77472077,30.75502167,30.74694065,13.06217011,13.68085521,15.44454424,15.26260829,15.14118231,13.94751092,14.27344145,14.45456655,14.77587378,15.09721508,82.29145889,80.01935059,78.56752988,80.65820909,81.77982257,86.48273914,86.51583156,86.59460312,86.74314043,86.89167773,20.57102271,20.72590185,20.87469027,20.82029178,20.91162989
CHN,China,39.07498329,39.38770895,39.09814248,39.54235312,40.00330511,59.34456187,59.60483653,59.8485821,60.18718112,60.52506198,55.76818623,55.58310182,55.58327837,55.83155157,55.96052481,30.89890296,30.88610432,30.88610432,30.97397696,31.05430476,27.08891772,28.46357551,29.5060638,30.26700928,31.02795453,11.78634564,12.63429156,13.25188963,13.96559407,14.75035521,44.89781883,45.20658697,46.22538716,46.07748354,46.07748354,85.29414785,85.92034568,86.20779155,86.30377034,86.39974912,43.46749321,40.52847498,34.10921123,34.16425567,34.21931452
HKG,"China, Hong Kong SAR",44.9442767,45.45080909,44.83786868,45.49471581,45.81065925,64.9451109,65.06844978,65.11593447,65.29650659,65.47517199,41.94227822,41.90672617,41.94004492,42.07194656,42.17040842,33.97240679,33.97276864,33.97276864,34.13184533,34.21453184,31.03208934,31.51272606,31.65028969,32.16094963,32.52849755,26.17251758,26.62311381,27.52021301,28.69648814,29.87343871,89.89061358,90.25486906,87.55949446,87.55939358,87.54007234,96.38277883,95.1337537,94.9269311,94.9269311,94.9269311,25.56819468,27.28963439,24.32150294,25.51499742,25.42680036
COL,Colombia,31.41076155,31.81812368,32.00058907,32.23216208,32.45036427,52.80708231,52.79044144,52.76427337,53.12236873,53.49360641,49.73532917,49.01831937,49.01831609,49.3258705,49.4455205,29.2348407,29.29406664,29.29406664,29.49322896,29.69239129,15.45952272,15.46998081,15.33686765,15.3230104,15.30915396,11.69633207,12.08882927,12.34434223,12.77006854,13.21669089,50.16459909,50.98832495,51.3178679,51.40666762,51.52354378,75.09772019,74.82736947,74.86340067,75.01938017,75.09740968,18.11757032,19.42217695,19.95459829,19.97610191,19.99760557
COM,Comoros,24.18925562,24.44292999,24.41308252,24.51887277,24.60007041,39.59051763,39.82774157,39.66254075,39.97157144,40.22831045,57.21183805,57.5766629,57.56086279,57.59419955,57.6091755,22.47337372,22.56870756,22.3332316,22.26105407,22.24852581,17.33590197,17.29179057,17.33633201,17.33720033,17.33717773,4.703090805,4.715387577,4.793760712,4.859014748,4.954407793,36.6313836,37.26256568,37.25217558,37.73028965,37.74051881,76.25499823,76.34752026,76.37227803,76.42104103,76.46981817,10.11074675,10.61358737,10.46647894,10.49296038,10.49296038
COG,Congo,21.26966056,21.66859667,21.85675792,21.93918789,22.05880581,36.14916681,36.48512231,36.96346068,37.40605641,37.8083112,52.07110759,48.33607704,48.33593224,48.29759147,48.2592507,15.45911143,15.4587209,15.4587209,15.41144597,15.37308056,9.062294755,11.01080585,11.72029902,11.89972043,12.07906686,5.73826897,5.849475714,5.919221892,5.978337361,6.029891477,31.90425565,32.14167499,31.43256523,31.1910616,31.5600402,55.31678047,55.7191189,55.70052786,55.94465942,55.98884895,15.68484535,15.4552748,15.52484271,15.52914791,15.52906311
COD,"Congo, Dem. Rep. of the",19.69304107,19.50696233,19.59151161,19.67766206,19.84668383,30.05357532,30.89526542,31.31550805,31.8548542,32.402004,53.86203544,52.97771054,52.97776741,52.99918893,53.02057576,14.48685783,14.28789275,14.28789275,14.28951804,14.29048553,9.372120192,8.522600961,9.284334818,9.282163434,9.282163434,4.179765305,4.214984379,4.041346085,4.016360185,4.15810381,28.08902533,28.73172872,28.48862993,28.74674947,28.8659244,60.91578506,61.08833741,61.14414098,61.14514393,61.23664583,14.39106472,14.21921686,14.00938342,14.21978327,14.3713945
CRI,Costa Rica,34.33071188,35.10117494,35.08174064,35.2771238,35.47809653,56.80252018,56.75628063,56.66021748,56.98285085,57.30548422,44.78365645,44.6397756,44.6398188,44.54275194,44.44568508,28.1231691,28.06300984,28.06300984,27.96879254,27.93563815,20.87138973,20.64612024,20.55338255,20.57867987,20.60383481,12.89481673,13.54906235,14.1009869,14.67629637,15.25160584,69.84003098,69.94494937,69.21682517,69.48495646,69.45372815,81.06400295,81.17143048,81.35929383,81.52638398,81.72132087,17.70158071,20.40778165,19.80443689,19.74819759,19.77896344
CIV,CÃ´te d'Ivoire,23.70140557,23.42601233,24.02939967,24.23386694,24.4289194,32.27682703,32.62800473,33.30617966,33.76437227,34.24151842,54.82396785,54.80959695,54.80986789,54.84375422,54.87545803,20.64469137,21.1643741,21.1643741,21.08288971,20.96880617,9.582967611,8.057221394,8.740032296,8.711516269,8.682256126,6.58659783,7.048157583,7.501279638,7.858558209,8.253727725,40.27457224,42.06441224,42.26610105,42.16784405,42.69206073,75.56932901,75.71327844,75.76751533,75.69675268,75.64101032,14.19009984,13.24910698,13.70347578,13.9434578,13.91047638
HRV,Croatia,36.05690808,36.07688497,36.27575711,36.37467175,36.47971451,58.21251682,58.53107727,58.66732363,58.64050647,58.57758373,46.00835076,46.04128388,46.04132216,46.05538652,46.05118265,28.84231306,28.87747679,28.87747679,28.8915765,28.90564683,16.57241914,16.58750712,16.6257401,16.6588234,16.68124522,17.13419311,17.14045815,17.62732752,18.16415577,18.67002215,65.43780207,64.27922571,65.03786268,64.72095893,64.41148214,81.82106364,81.72475198,81.65376549,81.59729642,81.54071075,24.32659602,24.68944173,24.70123328,24.57893291,24.58925826
CYP,Cyprus,39.35844146,39.20258495,39.40676423,39.61068168,39.80327278,56.52470744,56.41867248,57.06550159,57.32091335,57.62284016,45.69306639,46.02305342,46.02311765,46.02355777,46.02359118,32.1836419,32.14455844,32.14455844,32.16134624,32.17022946,20.8478388,20.04799206,20.29115953,20.31544265,20.3364053,19.91969071,20.66928607,21.50289802,22.39968324,23.22731624,77.86276376,76.98118609,74.93471698,76.40722372,76.73561267,92.73753456,92.53950754,91.4218748,90.56196946,89.69811974,23.10204016,22.64142416,23.04475054,22.68415351,22.71262944
CZE,Czechia,40.49283108,40.36340347,40.60027071,40.92375306,41.27167923,68.23352424,68.59738567,67.51892564,67.3446823,67.39376777,51.29033877,51.27246788,51.27251113,51.29660986,51.25494018,33.22332602,33.28306948,33.28306948,33.30382427,33.32457907,19.75207294,19.81185262,19.91045489,19.89349695,19.87822667,18.34246769,18.42527344,19.67307071,21.04785895,22.41739936,76.05480287,76.7895017,76.51650031,76.38266624,76.75671479,80.68839728,80.70468938,80.95345365,80.95609599,80.9587121,27.96021318,26.60402977,26.40913258,26.40913264,26.40913269
DNK,Denmark,46.12971963,46.5855297,46.15725703,46.17584043,46.1218021,85.30861051,86.33929862,86.45585682,87.41722627,88.37600747,54.76489052,54.5584778,54.55851262,54.69526348,54.69317401,32.98939643,32.86777829,32.86777829,32.77999626,32.69203206,21.25554579,23.0382095,23.32316493,23.32316493,23.32316493,27.11718089,26.61670634,25.5249255,24.80562624,24.29372968,94.60060515,94.45894441,93.09271424,93.63809525,94.09285772,92.20118566,92.10354284,91.96195687,91.82037089,91.67878492,26.46243711,26.8562106,26.07454774,26.51145331,26.5114534
DJI,Djibouti,26.58785033,26.9479462,27.08777347,27.18347716,27.40505409,40.54926541,40.84747186,40.53891397,41.04386379,41.56480593,59.9160356,59.88046199,59.88046198,59.85501067,59.73734732,21.40522777,22.62945085,22.61446753,21.72299224,21.72636349,18.85215091,18.79511537,19.16503373,19.16503373,19.16503373,4.771395464,4.970974836,5.167190884,5.360356481,5.553412015,35.77335713,35.94275864,35.40014722,36.29497864,37.01015523,78.68612883,78.60637015,78.50387028,78.47911023,78.47958557,18.96512411,19.03379221,19.18591968,19.09271958,19.07829171
DMA,Dominica,33.7071148,34.29804813,33.62097528,33.97447393,34.1507571,47.32811326,47.29714042,47.28850564,47.35773896,47.42697229,43.12160149,43.17484069,43.18380504,43.2764341,43.36906316,24.22944972,24.28257302,24.2626427,24.30006042,24.41135588,25.81326818,25.74812428,24.85142254,25.68398102,25.72177967,14.36107294,16.45977822,14.90848517,15.43040617,15.85432347,68.21471544,68.35078108,68.23697987,69.00275147,69.32511204,81.50349639,81.39958151,81.18304085,81.18304085,81.18304085,16.35049194,16.37795532,16.05454407,16.0546456,16.0546456
DOM,Dominican Republic,31.71045782,31.99516259,32.1404312,32.29166063,32.4452576,45.86783227,46.43902797,46.21216121,46.68792461,46.77546384,49.17909039,49.05449394,49.05457376,48.81281756,48.63358618,29.36235471,29.466275,29.466275,29.54642157,29.63747067,19.28757588,19.27837533,18.95590389,18.95590389,18.95590389,9.648048368,10.19125956,10.60607476,10.95396,11.40561164,49.62259775,49.6699031,51.35241854,51.11760139,51.27754264,82.16139607,82.22345648,82.17079033,82.15141567,82.13082136,20.34586147,20.38919487,20.09439889,20.13624717,20.00404528
ECU,Ecuador,30.34177516,30.41516049,30.77458824,31.05293705,31.37651019,52.31961857,52.76773495,53.10626557,53.86527266,54.62573334,46.05677087,44.5914974,44.5913607,45.97285672,46.50459101,29.05225187,28.94430449,28.94430449,29.13256579,29.31465658,18.51949188,18.4620539,18.34805576,18.58280574,18.81755573,10.77959838,10.68738355,11.03140841,11.10480757,11.4771549,41.40789496,40.94093044,42.89041336,43.55515476,44.19510555,76.30315205,76.45109995,76.5856726,76.66391919,76.74216579,16.26794711,17.41182989,17.65426425,17.39319918,17.22080716
EGY,Egypt,27.91159469,28.05478598,29.14038931,29.31008375,29.39429003,45.74400166,46.44192493,46.55187703,46.95331223,47.21871435,51.78337935,50.82064921,50.82062477,51.21032671,51.4330183,29.44970673,29.46028625,29.46028625,29.46521849,29.46619158,10.36390144,10.31356382,13.71472613,13.68971192,13.67012145,8.76227496,9.027197494,9.253467056,9.531019057,9.798699294,34.22448552,34.86314769,35.80797657,35.67960842,35.04524676,80.52364227,80.55947062,80.89660853,81.18668223,81.3718105,21.0994528,21.10684848,20.29303103,20.34063507,20.3882391
SLV,El Salvador,32.27956529,32.3033808,32.29966853,32.30823092,32.42423714,46.67431571,46.89182837,47.45403589,47.14215078,47.15571354,58.00252077,58.0222025,58.02225372,58.05514353,58.08803335,27.10204879,27.36302421,27.36302421,27.60108322,27.74835533,17.8500002,17.77721564,17.78349006,17.81981171,17.80703003,9.910968389,10.12327617,10.20595214,10.30588705,10.43025563,53.31595561,51.44527927,50.13124285,49.63772448,49.99511641,81.87267711,81.93071075,81.98155707,81.96171175,81.8999316,20.80386197,20.99671083,21.07936494,21.03380441,21.13500374
GNQ,Equatorial Guinea,23.08832296,23.00101627,23.24249558,23.40758659,23.4733244,34.33689992,34.4417581,34.47743696,34.81128105,35.14185605,47.28115989,44.22727772,44.2269066,43.11595666,42.0051633,21.34376189,21.46703802,21.8685885,21.92947387,21.83017312,15.87358735,15.30396722,15.99009744,16.04448057,16.07305434,5.693583194,5.789430007,5.899070151,6.146482098,6.40502739,22.99036604,23.86685771,23.97370441,24.66096753,24.61457211,69.62564923,69.88624879,70.0700738,70.26760282,70.44517459,16.10805253,16.21069921,16.11823095,16.02320293,16.02320203
ERI,Eritrea,21.59013697,21.57102035,21.54476978,21.63859986,21.63685432,29.16376444,29.68191708,30.00577699,30.10481512,30.41770612,67.82116875,67.8281291,67.82801017,67.83453783,67.84106549,19.58390368,19.59488904,19.59488904,19.65079263,19.70669621,17.02030928,16.96822816,17.06464497,17.03709603,17.00954708,3.079335891,3.102801357,3.113145157,3.127015178,3.140815364,20.80078342,19.29278958,19.14520268,19.25972176,18.95457631,65.53064385,65.53064385,65.53064385,65.48241482,65.43418579,17.06029066,17.85216876,17.46534091,17.82650008,17.82650008
EST,Estonia,40.04716916,40.27154225,40.02248804,40.11915008,40.25814818,64.3044658,64.2345561,63.43956307,63.73438911,64.02946197,43.4158729,43.45891914,43.45887922,43.37151825,43.36422043,32.22121686,31.95972851,31.95972851,32.05461201,32.14949551,19.64802622,19.69741971,19.27186174,19.22583841,19.17369979,21.50434013,22.41433408,22.29054072,22.7488295,23.23563375,82.97728464,82.47268639,82.39979362,82.5483159,82.69683818,87.00035588,87.11317528,87.16880954,87.14072124,87.14136132,24.1111359,24.44590952,24.21360021,24.07526653,24.07526653
SWZ,Eswatini,26.584485,26.91760264,27.02389987,27.21111593,27.40262616,39.11953146,40.00204797,40.69983307,41.566465,42.44310222,56.41104891,56.48343062,56.48344334,56.35551611,56.27616711,21.1587758,21.26562634,21.26571473,21.31546647,21.38806006,13.91882091,15.02914442,14.62027925,14.60931255,14.59797446,6.424342717,6.422543561,6.669070598,6.918243137,7.110570343,41.82178031,41.69971484,41.05151984,41.17298961,41.38788054,73.84008036,73.8027683,73.82279733,73.99464608,73.99464608,19.34870176,19.30912066,19.69018008,19.55051289,19.57780239
ETH,Ethiopia,22.01817342,22.41070302,22.79996515,23.17413721,23.5341832,35.96476169,36.3834093,36.78178762,37.18086452,37.5826283,61.18216696,61.58617151,61.58673719,61.31312582,61.03951445,16.23888372,16.23241387,16.23241387,16.31377183,16.42448282,12.99603458,13.17002171,13.46310595,13.63349187,13.80291402,4.105628233,4.599999154,5.036280054,5.466824647,5.893115153,36.71554333,35.21285891,34.72225409,34.83297412,34.9172879,67.07503008,67.17598426,67.16815233,67.22504857,67.26522968,11.76496866,12.20715812,12.55867674,12.8155526,13.07242847
FJI,Fiji,30.66864914,31.19713725,31.43048537,31.52320523,31.67346584,48.76584155,48.88811314,48.79869057,48.89347685,49.00474735,43.2740286,43.16262142,43.1627276,43.10774398,43.05276036,27.21302961,27.44837427,27.44855126,27.54517782,27.54517782,20.2549492,20.40294623,20.42339359,20.41139053,20.45253651,8.455618284,8.964735123,9.085779967,9.463405487,9.841152007,52.08447743,53.67221385,54.66815642,53.99803666,53.43446029,82.43934487,82.74089775,83.48530095,83.66557926,83.84585756,18.53181092,19.07173256,19.45080847,19.246259,19.32786192
FIN,Finland,41.75462636,41.47263566,41.41319877,41.66661278,41.80936913,83.17134084,81.96686431,81.52947902,84.2979445,85.88664676,36.52667814,36.51934402,36.5193676,36.51755937,36.51662845,35.57567617,35.3303115,35.3303115,35.36414343,35.37886094,18.00963855,18.28752143,18.46765875,18.58608417,18.70330158,22.44640096,22.0265229,21.88175013,21.93746268,21.97061509,96.93738209,95.49448809,94.94021954,95.28427835,95.14693723,87.7786841,87.85616796,87.83269546,87.80922297,87.78575047,24.85236391,24.48685338,24.40756729,24.46177815,24.51598901
FRA,France,42.26026727,44.0942245,44.25676121,44.28216208,44.36223536,65.93964353,65.95269842,66.04050318,66.20804105,66.37557891,52.89463016,52.81190995,52.78469567,52.81159782,52.82247642,34.66105472,34.81933133,34.78243644,34.83872675,34.91124155,18.47192474,25.72797748,25.96538802,25.76811882,25.9236374,20.1967576,20.30552965,20.3710637,20.41495743,20.44134209,95.68833199,95.74878163,94.25029936,94.25200386,94.70484462,85.02620331,84.78210149,84.88385078,84.97201182,85.07402742,27.72377631,27.78506384,28.68417049,28.80915576,28.70387078
GAB,Gabon,26.16071044,25.57066292,25.64794469,25.89009336,26.0124845,39.99815761,39.61071597,39.82153815,40.08555593,40.58458623,43.50803996,39.66950657,39.6695392,41.19320726,41.19320726,24.06558652,24.02127205,24.02127205,24.22211304,24.23831308,12.93236157,11.82500108,12.68883485,12.6609872,12.63313955,9.228041808,9.43914213,9.217663222,9.557332162,9.896976535,42.24742446,41.09462572,40.04762908,39.48219099,39.08116167,71.86204141,71.86075016,71.44116781,71.80341974,71.80341974,14.45783069,14.69128945,14.74624425,14.71271304,14.74480822
GMB,Gambia,24.31457774,23.99981166,24.21450648,24.44667227,24.60831278,34.14219122,34.35303329,34.57284475,34.93974803,35.30345519,52.3617895,52.48685566,52.48672433,52.453499,52.45403917,17.81206696,17.85420466,17.86703105,17.91078251,17.95453397,12.46414272,10.88733539,11.70750405,11.70750405,11.70750405,6.793962544,7.215716314,7.333257342,7.554103209,7.88655889,40.28711663,38.63327852,37.4973859,37.52190647,37.39748626,79.69001281,79.71879317,79.71879317,79.71668148,79.73009261,14.11100742,14.13133461,14.20512464,14.69155863,14.69155863
GEO,Georgia,32.81563091,33.08729598,33.22717791,33.55055822,33.89389836,51.58993487,53.04910976,53.21218164,53.56581567,54.14228351,47.34327401,47.29358884,47.2935947,47.2935947,47.33361385,28.78910986,29.00725632,29.00725632,28.9746078,28.99853814,13.90919595,13.95480948,13.87285825,13.89328518,13.89489758,13.1022472,13.25699011,13.3031536,13.86377365,14.44145946,64.44100892,63.45242828,64.96712437,66.32784286,67.68856136,83.64363463,83.92868593,84.29683465,84.62743437,84.93724873,19.46935303,20.03436919,20.13734203,20.23004888,20.31467773
DEU,Germany,46.73130424,47.18835675,47.03113363,47.25350101,47.37996426,77.66647223,77.94835977,77.78783716,77.85424215,78.07231777,49.45879097,49.4546736,49.45468734,49.45759595,49.45613162,34.53290665,34.49650517,34.49650517,34.48177995,34.46705473,24.71564851,24.5946328,24.62330095,25.09318533,25.08710924,25.97598327,26.96235882,26.72597302,27.1724973,27.65141827,91.35938891,90.40246563,89.86001877,90.33767821,90.7125134,85.80666799,85.7622328,85.64142358,85.38516851,85.1290765,34.06706955,35.95959823,35.61714779,35.59838163,35.62240897
GHA,Ghana,26.75166564,25.95090238,26.01090408,26.50333017,26.89937869,37.30460275,38.07748821,37.91677098,38.45006949,38.98308113,59.53141886,58.9329482,58.93297334,58.79181733,58.65098846,22.68467476,22.93025535,22.93025535,23.32786488,23.59592394,12.7925132,8.807831911,8.728052194,9.27426037,9.686022091,7.084952804,7.790107122,8.19837018,8.61301899,9.027664868,54.74419592,55.46621408,54.50030003,54.85880644,55.21023239,75.87836568,75.93934711,75.92133298,75.81567524,75.74161572,13.82981996,13.83173089,13.81139083,13.89551091,13.89550973
GRC,Greece,37.0956929,37.54122737,37.69875019,37.78823065,37.91249749,64.85405875,66.25547245,66.34813104,67.17210596,67.96740133,52.79008018,52.72499111,52.72503979,52.65101804,52.56300469,31.11242112,31.02146167,31.02146167,31.04793985,31.04205612,17.33477133,17.25932176,17.44765071,17.25902104,17.25902104,18.66480936,19.4393416,19.82148321,20.37073783,20.8810353,60.68135462,60.03664678,58.97186165,58.62563795,58.27941424,81.08468421,80.88431367,80.63953537,80.50202843,80.38623999,21.14602967,22.34504336,22.85818748,22.81952562,22.79621528
GRD,Grenada,33.96548712,33.99820832,34.21585962,34.44435815,34.59600848,51.51797047,51.58444344,51.74400543,52.0073455,52.19325807,42.54283995,42.55295177,42.55667211,42.5611277,42.56654646,23.71507274,23.69345066,23.68608785,23.68608785,23.68608785,24.78149627,24.74588159,24.10748961,24.16914905,24.20055218,13.81774129,14.11734594,14.27006962,14.80778968,15.37445623,61.5277446,62.95014494,65.68486078,65.68486078,64.6401527,81.77025736,81.37220726,81.19056323,81.35251215,81.77382757,19.78163358,19.17973803,19.63132834,19.75994681,19.82850904
GTM,Guatemala,28.04090107,28.20786349,29.21239458,28.68451858,28.90586269,42.10518423,42.37195893,42.41294795,42.88087095,43.13756929,49.35336085,49.24934314,49.24937465,49.24937465,49.24937465,24.92478287,24.67155186,24.67155186,24.67991427,24.68827667,14.25423359,14.22406129,17.8635114,14.43198784,14.43198784,8.182097472,8.610929215,9.019537793,9.47073875,9.943902235,41.39528082,41.41416547,42.0184587,42.14228831,42.28642824,75.7206823,75.79074161,75.78862407,75.78862407,75.78862407,20.18729647,20.25104262,20.05609429,20.14375409,20.20469457
GIN,Guinea,22.52117932,23.2045892,23.2969761,23.49618316,23.65655301,32.40359168,32.80885765,33.33290809,33.88841086,34.37133557,71.90458913,72.40767742,72.40884451,72.41721201,72.45618209,15.72079061,15.90746638,15.50539164,15.58106557,15.6567395,11.23310119,11.18209985,11.21506331,11.21482846,11.21466945,4.815130789,5.273486539,5.323741556,5.660351917,5.7899737,30.37441035,34.44218747,35.00862988,34.33405572,34.75744397,75.98930226,76.07722285,76.00984502,76.00779391,76.00785934,14.47227524,14.39619598,14.59436542,14.66456172,14.66456317
GUY,Guyana,30.24027811,30.47915279,30.60205702,30.78185809,30.93808977,42.64569151,42.74104583,42.80049625,43.1181625,43.34118573,54.90310841,54.23938725,54.24012372,54.24012372,54.24012372,26.55030616,26.45458024,26.45284909,26.50354734,26.54420134,21.42529931,21.41521396,20.94946567,20.94936626,20.94926684,9.184292763,9.321525298,9.549362225,9.876668057,10.21118521,46.91558402,47.40949031,50.83164344,50.53005772,50.06619174,81.47199486,81.45659849,81.2472298,81.29040033,81.33357087,14.95706997,15.75293123,15.15908538,15.30041911,15.44178347
HTI,Haiti,22.3234643,22.40919622,22.27680123,22.34323771,22.49229492,38.65705606,38.88346527,39.08714644,37.72246985,37.90792753,59.77442353,59.77592625,59.77588161,59.83070022,59.83512894,9.696771549,9.853371738,9.853371738,9.886735134,9.893646221,19.99582523,19.78073985,19.4442564,19.37210271,19.32582854,4.978496596,5.091075566,4.90162808,5.032994172,5.164344625,28.43687394,28.01791835,28.12168849,28.63839243,28.96114196,74.12742681,74.05809145,74.06346483,74.37562007,74.68777532,13.11665439,13.28842885,13.27090991,13.40322526,13.52100464
HND,Honduras,27.54230563,27.94293137,27.88739243,27.96476096,28.04146211,43.91097004,44.23511807,44.84969208,44.94978592,45.02909068,47.25596911,47.36497802,47.3650423,47.5555958,47.7461493,19.87050315,20.03956254,20.03956254,19.88582809,19.81864892,18.57163237,18.55927888,18.53807313,18.53807313,18.53807313,7.026292901,7.599185824,7.598608957,7.731550862,7.860234375,40.31098903,41.37758158,40.38416369,40.65401476,40.79293989,79.53734886,79.54108221,79.65155298,79.62101347,79.59045083,19.19521074,19.07120716,18.96503313,18.96503313,18.96503313
HUN,Hungary,38.84970382,38.87233859,38.85834078,39.01139238,39.13379922,62.25816871,61.79327768,61.13573586,61.28659933,61.61616998,53.10827018,53.07246556,53.07252749,53.09807388,53.1046994,30.52381812,30.58266508,30.58266508,30.5369655,30.55639824,21.09739557,21.33819776,21.24268208,21.10560026,21.09621582,17.91620447,18.27586704,18.95889394,19.57977829,20.21084589,67.01205819,66.7315766,65.3363447,65.05358094,64.25325649,81.55064393,81.18525639,81.10395123,81.06674011,81.06997724,24.89138916,24.6034069,24.54791352,24.77091477,24.77091442
ISL,Iceland,45.42675837,46.06215742,46.59247092,47.27204275,47.95517718,77.8968012,78.74220402,78.49460476,78.65450059,78.81439642,49.65875637,49.65633455,49.65636444,49.6488524,49.64134036,44.99234761,44.71337235,44.71337235,44.64428562,44.57519889,25.28486135,27.31590862,30.69513752,33.57884915,36.56308239,31.08603177,31.70687129,31.04936837,31.8116663,32.56399874,88.69880232,89.45806135,88.66039046,88.50656491,88.35273937,84.72787811,84.38902227,84.22160081,84.5730115,84.87613856,17.63883545,17.72801342,17.90598865,17.88861764,17.96203317
IND,India,29.49066648,30.04735109,30.36876783,30.63108622,30.90280896,44.86413899,44.95899994,45.41997337,45.7023048,45.97664489,56.13604238,55.92010367,55.9203898,56.06881474,56.07867233,23.73437113,23.77695561,23.77695561,24.15005161,24.36259426,17.10468353,17.08829951,17.13792176,17.24505422,17.35564847,6.150432041,6.529834765,6.957105202,7.404323154,7.803465553,48.78808601,50.75372867,51.15360762,49.90319471,49.56285502,75.64924327,75.79240481,75.70064959,75.97097616,76.07758883,24.65010688,25.89488554,25.94665987,25.86995396,25.92887702
IRN,Iran (Islamic Republic of),29.23470563,29.92415583,30.23291459,30.44773131,30.69357638,51.75477441,51.85999592,51.92273362,52.06703257,52.31894163,58.3791183,58.37891201,58.37932153,58.71844105,58.71844105,31.60101484,31.60277832,31.60277832,31.66475406,31.72635881,11.04735536,11.0212682,11.04232839,11.06840865,11.13014426,12.35253537,13.14760542,13.90776848,14.71017927,15.51301832,32.66727597,34.7537767,36.55798891,35.96318134,35.82364811,77.07719544,77.46381483,77.78111435,77.95602696,78.08138172,16.26400743,17.22591904,16.68490397,16.71533536,16.73446615
IRQ,Iraq,22.35815019,22.42366213,22.58050836,22.70959119,22.92300355,38.87268714,39.5065713,39.84908076,40.22905174,40.55083776,62.22604524,59.24661263,59.24695901,59.17136807,59.1247097,22.24693472,22.25458393,22.25458393,22.2673678,22.27729071,11.4654933,11.43476959,11.86638555,11.85174871,11.83504165,6.309038252,6.519356925,6.478048202,6.834313022,7.190577842,22.99854034,22.85198771,22.32474492,22.27240071,22.65193437,54.21447288,54.14657947,54.17504041,54.29720849,54.34631624,12.86555693,13.3037109,13.83622103,13.62487125,13.62485723
IRL,Ireland,44.65503085,44.77076735,45.00319305,45.28223477,45.53921401,71.46234534,71.29525878,71.26447825,71.84577449,72.36359412,55.52503125,55.41653126,55.41654752,55.43740367,55.44101878,34.33291596,35.02078631,35.02078631,35.0812215,35.1416567,32.75008796,33.754221,34.62933667,36.23995243,37.07422551,20.64335709,20.72395656,20.89908496,21.0876495,21.29693065,89.85528819,89.41112367,87.2291692,87.11645467,87.11532689,84.85182472,83.4730485,83.23280462,83.54095479,83.84910496,22.51587137,22.34559039,23.15157026,22.74723297,22.74723297
ISR,Israel,39.67340138,39.983759,40.05870415,40.17589349,40.19933696,84.50452646,85.01947202,85.50565854,85.10933216,84.52155569,49.66607173,49.60507189,49.60508968,49.60510905,49.60512842,33.64887808,33.65023145,33.65023145,33.75428498,33.78468093,16.57220947,16.69900669,16.72027285,16.71947227,16.71864865,19.37526195,19.84910728,19.92222292,20.35749719,20.66655505,71.53630453,72.85182413,73.73259583,73.46741941,73.29875865,83.9003651,83.91971662,83.89166635,83.88900649,83.88795831,22.55104996,22.7143529,22.54792173,22.70623158,22.66061711
ITA,Italy,35.65446884,35.63663136,35.68368887,35.880959,35.99436934,67.01330985,66.77880843,66.64906552,66.72309813,66.79482769,46.35452539,46.25728497,46.26634223,46.35158673,46.39359205,28.44850158,28.56671195,28.5730712,28.59543383,28.61781272,17.06815378,17.03346857,17.04551506,17.0537876,17.06212725,15.64489668,15.89920593,16.12303788,16.37289193,16.60966035,61.7941799,60.24726773,60.52258084,60.66779877,60.59099966,77.19646043,77.26189148,77.26907237,77.46202831,77.60684725,23.20037241,23.38368095,23.21462422,23.67453678,23.84169854
JAM,Jamaica,31.49971597,31.79637269,32.30319312,32.44108249,32.62570631,47.76774609,47.76400263,47.67644764,48.10273605,48.36123461,49.52262445,49.54264162,49.54275828,49.51577724,49.48879619,25.25185086,25.20761178,25.20761178,25.26828912,25.29830336,22.46900045,22.44953777,22.46495404,22.46495404,22.46495404,9.548721913,10.19047003,10.96094214,11.41002556,11.85894797,56.02299896,57.18494588,58.99336972,57.80367371,57.87047747,77.50829192,77.88942369,77.78809131,77.74559834,77.71858265,17.41718508,17.18886621,17.62293013,17.69498008,17.69498008
JPN,Japan,43.95760189,44.09998132,45.22122387,45.14885792,45.29479564,80.48366288,79.69875295,79.18513525,79.34889967,79.56739466,37.52977915,37.51937416,37.51938134,37.49845408,37.47752683,34.16332082,34.14500002,34.14500002,34.14584609,34.14104457,22.27527599,22.30093707,22.50347758,21.78320601,21.82770357,23.11066354,23.65528881,24.23619748,24.66956563,25.16279001,86.66610036,86.17853344,86.24097898,86.24099634,86.31023871,90.17500543,90.12967928,90.16912442,90.21144757,90.25377073,33.57818122,34.19437922,40.64680339,40.64651189,40.67326688
JOR,Jordan,30.02617347,30.48579932,30.55561541,30.831549,31.01250798,49.73875869,50.15777106,50.53462299,50.94389081,51.28251114,50.54155692,50.55965937,50.55967533,50.50580992,50.45420159,29.41655222,29.40989269,29.40989269,29.41669264,29.41984866,8.855131786,8.653163948,8.472979702,8.508352595,8.508352595,10.2200763,11.67447605,12.43741692,12.93964974,13.44188257,53.83809726,53.99685664,53.7489867,53.74866849,53.70239515,83.19033078,83.18796788,83.41693377,83.8162844,84.10900025,22.04209479,22.04466779,21.4018183,21.75060533,21.75937182
KAZ,Kazakhstan,30.19500541,30.42154712,30.5620411,30.50193968,30.47506067,47.44666401,47.6337436,47.5821968,47.5269858,47.47177479,71.03152968,69.53746824,69.53733793,69.53754879,69.53775965,33.59255841,33.57548804,33.57548804,33.58071374,33.58356923,10.2389941,10.21883962,10.25892156,10.29735314,10.33578471,15.34427433,15.375977,15.32481531,15.40308222,15.47156606,44.31850598,45.42777573,45.32171406,45.46241563,45.71759049,52.98878667,53.34484087,53.16518885,53.02187238,52.87832978,16.5427699,17.32352432,18.0860328,17.65750276,17.35940455
KEN,Kenya,25.03697743,25.31087689,25.27160831,25.48144136,25.73131895,41.71980084,42.3280953,40.41405532,41.09109412,41.71987929,56.83871895,56.96223426,56.96238614,56.97806111,56.99491985,18.37359527,18.56641711,18.56641711,18.63515047,18.70388384,12.00145324,11.96486392,11.93259799,11.93264236,11.93268672,5.543665635,5.96047196,6.276997817,6.63734173,7.021405561,42.48239535,42.19420047,42.14460457,42.01297343,42.00158152,74.26239584,74.38320985,74.41987037,74.46083826,74.54132178,16.88362554,16.81115673,16.56900639,16.44225969,16.47253223
KIR,Kiribati,27.02625934,26.96047351,27.33038489,27.63240758,27.94492018,45.81713332,45.84347448,45.92869672,46.06779064,46.21563672,48.769829,49.69225424,50.15540607,50.96510427,51.61841635,25.63041156,25.58660804,25.58997227,25.39713347,25.39745071,25.17957031,24.33593864,24.40528808,24.3415506,24.29718365,4.457746512,4.616967061,4.943211823,5.416349103,5.887822056,55.84923704,56.32439626,58.50471261,57.7335772,57.22999768,80.35036534,80.46353833,80.59165552,80.68338162,80.77510772,9.866974574,9.404606617,9.283680964,9.281696384,9.281696384
KOR,"Korea, Republic of",44.23267891,44.41512065,44.79831269,44.97888639,45.20954645,86.40753692,86.41826951,86.67067843,87.87264045,89.12843504,39.33275438,39.3237332,39.32375903,39.30363346,39.28350788,35.33455231,35.41577575,35.41577575,35.49072721,35.57018501,23.66829073,23.90964455,24.15316718,24.20580444,24.25845008,28.81053873,29.47014642,29.40276736,29.82134268,30.21477358,72.93020734,71.41780306,72.49961996,72.38378647,72.89134375,91.10529493,91.19187959,91.33737044,91.59293567,91.8485009,26.93214984,27.42026433,28.57740197,28.5573776,28.55604857
KWT,Kuwait,34.36924509,33.70601884,33.569875,33.86927791,33.98333593,49.32025784,48.04772458,48.0226453,48.20093733,48.29943718,61.96964979,58.39792773,58.39793705,60.0949525,60.36381785,38.09952719,38.09952719,38.09952719,38.16779058,38.20360348,16.44599779,16.42640942,16.42793993,16.48025163,16.4992988,14.68157148,13.33277238,12.9833011,13.23038233,13.47746356,51.33758069,50.42286028,50.54610763,50.92980099,50.92980099,81.48967086,83.04807566,82.45024836,83.1661725,83.14904405,16.55256282,16.99220216,16.98191649,16.9590716,16.95907167
KGZ,Kyrgyzstan,26.75293578,26.74048428,27.18834376,27.29658564,27.3747943,44.74949794,45.00494791,45.48173402,45.68345619,45.90994253,63.71231982,63.68987438,63.69026173,63.69065364,63.69104556,24.2002859,24.42323008,24.42323008,24.37020169,24.38725361,13.15401242,13.10585772,13.17062777,13.37496537,13.57895623,8.846545773,8.960733448,9.18337919,9.337304658,9.483839267,37.59422551,36.7462459,37.69803157,37.79544915,37.48435527,53.81017357,53.94967289,53.83851617,53.28522823,52.73194028,16.15555873,16.04019297,17.19206808,17.28272813,17.37338819
LAO,Lao People's Dem. Rep.,25.16565994,25.2645581,26.46995009,26.80298118,27.11633295,39.20316342,39.83033056,40.15464275,40.6034199,41.04418228,46.94252332,45.97664632,45.99090183,45.99927624,46.00765065,22.90588957,22.98975498,22.98975057,23.26636301,23.53513389,12.62828347,12.57376861,12.50683345,12.50683345,12.50683345,6.525624497,6.525887551,7.17092585,7.675387536,8.169464097,39.463868,38.89184271,39.70774607,39.91318972,40.091669,73.6889625,73.6889625,77.47536788,77.76160248,78.04783709,15.92441146,16.76648777,20.57413321,20.57279893,20.57279893
LVA,Latvia,37.43717426,37.63523964,37.61387812,37.80801315,37.95787843,56.45530639,56.31857936,55.54782343,55.6849056,55.76248906,43.84017747,43.85920658,43.85915931,43.9073891,43.95581748,29.85825765,30.00263649,30.00263649,30.20770844,30.41283904,20.48521739,20.49193782,20.57599309,20.57570501,20.57547528,16.80228703,17.32512578,17.58283075,18.10305902,18.48101049,73.21212173,73.1469796,73.37727239,73.60461422,73.83264528,84.92376029,84.9966112,84.92178314,84.83237919,84.74867246,24.39842366,24.60527192,24.31464118,24.30550118,24.29646251
LSO,Lesotho,28.62550273,28.78716586,28.94753433,28.87843328,29.15002532,37.23803782,37.41209198,38.04635313,38.83674498,39.62707569,84.63560416,85.12266713,85.12291671,85.12291671,85.12291671,20.1290977,20.07980411,20.08312923,20.19519467,20.30726011,15.03689942,15.55409562,15.82210561,14.59060865,14.59085582,6.680671056,6.799247086,7.075066823,7.254118453,7.539321523,50.71016521,49.85067586,48.94918834,49.34688578,49.73996026,72.60117576,72.55718609,72.52676697,72.72283314,72.91889932,19.21514754,19.28046577,19.0749351,19.0749351,19.0749351
LBR,Liberia,22.06915491,21.8237738,22.91330912,23.04344537,23.31165072,37.17666224,38.08184596,38.70166342,39.05830567,39.41178541,64.4192442,63.80527831,63.80575276,62.04234013,61.30695923,14.81762236,14.85133848,14.90264932,14.32297233,14.35279436,11.3120039,9.754633649,10.41453686,10.62405487,10.76212679,4.835754495,5.048622977,5.179105724,5.371141455,5.564355877,37.21627321,36.76954637,37.42084234,37.68267816,37.94451398,74.67712816,74.74700572,74.77938917,75.09535013,75.26132863,10.43030006,10.53495396,13.67915757,14.18511573,14.705439
LBY,Libya,24.67955066,24.88352009,24.54636861,24.33344294,24.15956306,46.9094099,47.29403538,46.97979356,47.14886789,47.22620489,61.19575587,61.19580449,61.1958062,61.02550731,60.89973492,19.48743666,19.47307839,19.47307839,19.71023891,19.7955801,16.0665198,15.79513846,15.81120442,15.79101111,15.77081779,8.601014389,9.322612869,9.319926976,9.39440781,9.468888643,16.28841869,15.04462868,13.01501012,11.28820099,10.09846626,75.54946354,76.09043653,76.00564791,76.00564791,76.00564791,14.46705723,15.47245635,16.14963821,17.02958207,17.7865376
LTU,Lithuania,37.94862356,37.8641992,37.85889547,37.89414068,38.04251996,61.25629502,60.61001841,59.91948403,59.91948403,59.91948403,49.308485,49.42139194,49.42139765,49.32454465,49.26986004,28.08742701,28.0026027,28.0026027,28.147885,28.28757274,18.63592945,18.70558598,18.64008777,18.64548173,18.64742886,17.02096031,17.12888768,17.47380746,17.86405839,18.25015244,75.46929687,77.20064631,76.68338987,76.9604959,77.38173387,84.97986703,85.01163446,85.07597364,85.12205054,85.16267863,24.92082503,23.9537019,23.95070477,23.42264383,23.42264383
LUX,Luxembourg,47.14844664,47.58984762,47.45281474,47.47725651,47.62218544,65.61390613,66.51234085,66.79886806,66.84371255,66.95984801,49.31717405,49.33724994,49.3372494,49.33726357,49.33725863,42.09124791,41.93125566,41.93125566,42.09719223,42.0237524,30.06544368,30.46261821,30.56754855,30.82968176,30.80498044,29.87177704,31.0029882,30.3153441,29.99911657,30.57497036,93.82598488,94.34744238,93.24931451,93.45114536,94.03275587,85.75872085,86.08342753,86.36270643,86.33830275,86.33830275,24.80979248,24.92751638,24.92980712,24.9189952,24.91842668
MDG,Madagascar,21.80675981,21.97833331,21.98152974,22.03497344,22.10074465,33.9214403,34.35330024,34.55337768,34.90783412,35.12349259,62.91103668,63.34604654,63.34611606,63.5863277,63.73424543,18.69547576,18.8212679,18.82079141,18.7479275,18.7479275,7.371702171,7.329266046,7.281318904,7.249418811,7.20412533,4.057848111,4.151820156,4.079012443,4.115671161,4.201838621,37.45141807,38.21803594,39.10948386,38.89861948,38.65816784,76.26662634,76.26892817,76.31530983,76.42951758,76.54555319,15.00116898,14.98670498,14.92643457,15.05640099,15.14082653
MWI,Malawi,22.25010989,23.29063516,23.43144321,23.2603449,23.43771078,39.96055784,40.5079852,40.94767221,41.66197683,42.13014044,58.61378794,58.87246833,58.87229633,58.64900371,58.73214008,16.89040166,16.64527068,16.63633057,16.72482461,16.77371909,10.5183202,13.83542195,13.4358105,11.60255175,11.48705365,3.899805053,4.203047292,4.279237761,4.455782378,4.60708232,45.53665871,45.20611978,44.47748288,44.99380331,45.34980138,69.70767834,69.75083902,69.30427225,69.66652418,69.66652418,11.66151321,11.89607127,12.78392105,12.93935959,13.12167488
MYS,Malaysia,34.74178623,34.87063778,34.60474474,34.75647607,34.93928559,55.22764276,56.09954052,56.93263801,57.40921931,58.08273557,42.61085434,42.02585986,42.025922,42.0509174,42.0759128,32.52269026,32.49401302,32.49401302,32.51538915,32.53678028,16.33536916,16.23615101,15.55661964,15.80949834,15.94017331,13.27066669,13.61402355,13.80492435,14.03035832,14.25579319,66.38725479,64.23347578,62.65997953,62.8755445,63.05871063,89.4393058,89.66562843,89.28688772,89.27109497,89.25802813,21.54364146,22.41521269,22.01284089,21.7901567,21.83635679
MDV,Maldives,33.17191202,33.40971072,33.55610359,33.85909472,34.13090063,55.15614149,55.60821391,55.89380995,56.0204182,56.25629916,50.18089488,50.18688233,50.21529512,50.21292103,50.21293024,27.93036307,27.93896365,28.04649237,28.30003826,28.50301828,28.48328732,29.48279221,28.81505639,29.00181693,29.18870571,11.8221378,12.70251156,13.44733131,14.12866347,14.80999411,49.75037947,47.45703619,46.58760467,46.58760467,46.58760467,76.67378425,76.68836494,76.74266528,76.6867781,76.61743048,14.76473832,14.60676241,14.7411405,14.82302096,14.82302096
MLI,Mali,19.59191115,20.84340433,21.01736795,21.04190855,21.11143774,30.01844724,30.09488726,30.56802502,30.97937384,31.51109237,61.41686465,61.68541406,61.68567847,61.69555643,61.70532272,16.08535432,16.29837981,15.79779972,15.95514366,16.11248377,5.11229538,8.560386027,9.573520769,9.552103574,9.540981307,6.750156065,6.731440236,6.34599607,6.154360785,6.166252224,36.66074185,37.22619655,37.38014335,37.36448707,37.35240657,69.17812239,69.39759056,69.47056877,69.39200627,69.31344378,8.363886899,7.909247858,8.101491669,8.268054814,8.268819507
MLT,Malta,41.15177879,41.26335763,41.04962892,41.37482241,41.62216295,61.6965156,62.30414925,61.76346748,62.14026218,62.51705688,51.6989399,51.69870044,51.71964437,51.71964437,51.72005621,33.23894243,33.14272087,33.14272087,33.14668272,33.12544911,22.35530172,22.23536406,21.97944064,21.98059296,21.98120571,25.72766888,26.66175686,27.28495067,28.37524069,29.4647623,79.45598193,78.89873741,78.31876122,79.5351203,79.93274665,85.9867629,85.63879303,85.44365435,85.3707825,85.4012205,19.74150483,19.65432604,18.97636796,19.03589484,19.02105524
MHL,Marshall Islands,29.08532761,28.91964917,29.65940792,30.31342738,30.71390693,50.23198339,50.13554098,49.97709335,50.03611967,50.09514598,44.20754574,44.45665064,44.60797715,45.24196243,45.8759477,27.20006967,27.26580578,27.26638874,27.43205739,27.54878436,29.52486756,25.96333291,25.98688439,28.33634607,28.81828578,5.3694949,5.656061413,6.264662272,6.88229349,7.499924709,51.37620334,50.40168658,51.92611944,52.13275009,51.9523194,80.95619169,81.06460148,81.12890921,81.24327261,81.35763601,12.85912629,13.41814559,14.36399643,13.90022473,13.69206863
MRT,Mauritania,22.31516257,22.40651591,22.98998701,23.05168468,22.98463172,34.82563334,35.01163693,35.19206431,35.51524105,35.85673516,69.74548729,69.74551816,69.74543375,69.51711922,69.28998211,21.28692752,21.28245635,21.30303118,21.42887684,21.49825766,5.250027413,5.219615681,5.847264779,5.82781113,5.493752022,5.749965186,5.903226631,6.006799877,6.135465281,6.280256784,35.90531169,35.38111669,37.52211329,37.16700801,37.27442551,73.89943734,73.91455135,73.91720961,74.01602253,74.01494543,14.84723916,15.17101764,15.32071751,15.32071751,15.32071751
MUS,Mauritius,36.60649592,36.82323294,36.39047901,37.17287172,37.38910128,50.54553338,50.48051604,50.41838139,50.79166792,51.06295905,51.02814508,50.946163,50.94624656,50.83652147,50.7270889,31.21169375,31.15068175,31.15068175,31.27591443,31.39467377,20.68931443,20.71501942,18.16733069,20.48901767,20.39584119,14.18107226,14.98565902,15.49899752,16.12925636,16.75865918,74.21808789,74.36069513,73.93347917,73.66966724,73.72916302,87.50367588,87.70280857,87.37740141,87.42655899,87.48081993,21.02152124,20.84271865,21.12995301,21.21109124,21.3022402
MEX,Mexico,31.40390921,31.77493335,31.86987644,32.04893015,32.17626434,50.30690488,50.56702645,50.88062278,51.11836371,51.33865591,51.80237481,51.19708715,51.19710685,51.34182058,51.43925123,29.4055948,29.5025498,29.5025498,29.46416915,29.44867234,12.21199526,12.30251465,12.35478994,12.34715823,12.3428613,10.5888607,11.63984815,11.9631119,12.32762305,12.70238952,50.03594581,49.63048098,48.93692913,49.12140711,49.04894517,80.77313354,80.90951357,81.21776427,81.48734296,81.71149568,23.61987316,23.66005153,23.57319091,23.62427933,23.51072435
MDA,"Moldova, Republic of",32.44173029,32.52868054,32.49448998,32.68772835,32.8708126,51.71712244,51.51307301,51.53501278,51.69068446,51.83824776,59.9226518,59.92378691,59.92390644,59.90726122,59.89022727,26.11945759,26.03664483,26.03664483,26.03935192,26.03407395,14.74567116,14.75265489,14.74924122,14.75859622,14.77796827,13.98008307,15.11148942,15.73680777,16.24381056,16.74758295,48.7614678,46.32983815,45.32603204,45.74766855,46.15025196,77.01524636,76.84892678,76.63203278,76.57065948,76.50996407,19.58009383,19.6496042,19.1754652,19.24826907,19.29639469
MNG,Mongolia,31.36268634,31.23876791,31.87045115,32.10181104,32.29440487,45.41952153,45.30472831,46.00115897,46.86550997,47.40622161,84.80323464,83.24703064,83.24643862,83.31260539,83.29254533,28.52039505,28.50959762,28.50959762,28.65107265,28.76632691,17.74633198,17.69131028,17.6931501,17.7055548,17.68207344,8.325289916,8.539470539,8.759259081,9.113857635,9.468520829,52.6437703,52.0425052,55.90379508,55.01177388,54.91066741,69.82478415,69.69430159,69.84860911,70.14541625,70.33633112,15.69029008,15.39222467,16.11048365,16.19066167,16.10796343
MAR,Morocco,30.16776137,30.11041985,30.14513995,30.33397213,30.50500787,48.74518415,49.09962324,49.89640417,50.50962117,51.12791526,57.9206092,58.00429437,58.00414502,57.96448048,57.94211266,27.83102984,27.85811737,27.85811737,27.95652844,28.05741018,10.18482987,10.17817879,10.17567869,10.19683521,10.19678197,10.38979208,10.2729835,10.19238698,10.46091176,10.74001358,49.13935035,49.66931517,49.44413443,49.4601901,49.46517189,86.16353593,85.94860134,86.01694922,86.05284509,86.05284509,19.48664171,19.07878733,19.17433406,19.29118975,19.35247073
MOZ,Mozambique,22.14339196,23.96304851,23.52356958,23.54272073,23.58938939,33.01882239,33.43011987,33.91330493,34.21790963,34.59396119,55.245242,55.89095553,55.89089635,55.92040427,55.95199981,16.75592825,16.92181453,16.92181453,17.04951786,17.17143762,7.762279052,13.21439462,12.78736516,12.75612797,12.72380658,4.986086523,5.545860181,5.389461296,5.425293038,5.545591457,42.84870609,41.25417395,36.68058972,35.77695931,34.74277054,76.43406837,76.59103201,76.56571828,76.58780612,76.63676723,14.9195072,14.85074123,15.10325586,15.25499968,15.354811
MMR,Myanmar,21.25713096,22.12428932,23.3408515,23.97962647,24.48704187,40.04077437,40.4756967,41.80592743,42.15956902,42.49763659,49.05506916,48.88068294,48.8808341,48.96924935,49.06302574,20.62797601,20.9389474,20.9389474,21.11621404,21.21700383,7.704417765,7.722554141,7.683724261,7.742067577,7.801182052,4.791854506,5.904374922,6.419235243,7.239020784,7.829765379,28.17115745,29.09664446,36.2853839,39.10775473,41.97407769,75.81409899,77.6987489,77.95222393,78.10900378,78.26565883,13.0495667,13.44238617,14.75662201,14.64882811,14.56216209
NAM,Namibia,28.45070092,28.73931605,28.98964447,29.21316808,29.47782965,43.20334218,43.49851704,43.79536397,44.28308396,44.68133811,56.97371981,56.98129021,56.98123678,56.99498728,57.00873778,20.71214572,20.78973876,20.78973876,20.94185266,20.98230694,12.24767185,12.27941995,12.2904888,12.28592344,12.28927847,7.401009446,7.901249336,8.317846446,8.812884037,9.327566625,61.22767328,62.26457635,62.97083976,61.76016169,61.71095439,76.9446011,77.64747696,77.71416869,77.71416869,77.71416869,19.71770386,19.25367607,19.21827156,19.31101718,19.40376438
NPL,Nepal,25.13860882,25.28523692,25.63181959,25.98413451,26.31936258,45.26493668,45.23689344,45.41395801,45.70490894,46.22995871,52.22064174,52.33632079,52.3360617,52.26024791,52.26016473,17.66138537,17.60134115,17.60134115,18.13969273,18.29334254,14.73250458,14.71730807,14.83235964,14.82992918,14.82747323,6.018475921,6.521326763,6.951771898,7.397169489,7.842443,39.71397311,38.10501514,39.16604629,39.26358798,39.92138204,69.67571248,69.81969141,70.63227883,70.60060074,70.56892264,15.57088022,15.70254656,15.61279421,15.77243621,15.90296178
NLD,Netherlands,47.41977099,47.76388782,48.37061372,48.08168845,48.22228121,75.06387628,75.34387937,75.2574907,75.59783846,75.96711621,53.90113411,53.79638199,53.7963986,53.85112829,53.84399922,35.21799442,35.22248747,35.22248747,35.20502503,35.1875626,25.36883859,25.06459357,26.60131122,24.86390888,24.90251247,28.89659075,29.76310423,30.02749144,30.52820828,31.03546049,93.8363632,93.10349311,93.47162458,93.25003304,93.31177413,88.46986706,88.2266416,88.37616631,88.35479148,88.36468472,29.48277597,30.96504192,31.84877824,31.86977637,31.87963476
NZL,New Zealand,42.21739303,42.45622596,42.32532474,42.54966011,42.77028171,70.89797514,71.06465809,71.31865959,71.4759386,71.76732228,48.11780206,48.02016293,48.02020041,48.06262977,48.09045546,33.14276684,33.10403449,33.10403449,33.1660005,33.16542533,20.8986524,20.88595376,20.59701592,20.5961602,20.59653175,22.77165879,23.46106372,23.25711696,23.79612615,24.33513534,97.4652518,97.52035073,97.1375493,97.18996249,97.44107899,91.00061982,91.17283395,91.24773353,91.39363611,91.53953869,21.14442156,21.44915274,21.39562192,21.6609933,21.88200015
NIC,Nicaragua,29.87246769,30.08692847,30.35632496,30.68328837,31.02651824,48.54340235,48.85049786,49.03004396,49.44575318,49.87034205,53.43870949,53.35516634,53.35528837,53.33089476,53.31675533,22.43461733,22.68004103,22.68004103,22.77060137,22.83906067,24.81464844,25.03939693,25.07077641,25.47166198,25.87254755,7.329190418,7.521069101,8.103909626,8.514031242,8.977877758,42.46693716,42.2219994,41.75347604,41.57612832,41.85063324,79.5340616,79.70649397,79.9113355,80.18833872,80.46534194,17.73763557,17.92245812,17.92860741,18.09610317,18.07824486
NER,Niger,17.93150375,18.0577776,19.93280995,19.93931791,20.07572113,24.7889761,25.0161006,25.53267234,26.01191281,26.53079852,67.68451733,67.87324824,67.87383475,67.9445588,68.01524084,14.88900202,14.83508803,14.83508803,14.86050515,14.84259768,4.475133026,4.433840963,8.847558781,8.805636776,8.763310261,3.97054116,4.051250168,4.216198543,4.384387745,4.551442047,39.71525837,40.77690164,40.28908867,40.52316163,40.56023438,57.85061731,57.90314405,58.0836969,58.23492136,58.32030638,10.48091348,10.58328473,11.10384056,10.44155787,10.44155787
NGA,Nigeria,21.56932893,21.79091224,21.7095647,21.55468758,21.65049549,32.03257136,32.29147634,32.64451456,32.78541232,33.11270752,61.48345598,60.29892076,60.29880587,59.8799819,59.4106394,20.01540156,20.06021521,20.06021521,20.17997105,20.25613743,8.857291589,7.97696532,7.86959443,7.063514163,6.88379417,5.823582553,6.131376947,6.191295991,6.455711086,6.672163134,28.90694485,32.21815719,31.73908094,31.79037216,31.79037216,74.43686798,74.41669233,74.64632944,74.53790634,74.42948324,10.70772534,11.09950178,10.82474531,10.88462075,11.14787311
MKD,North Macedonia,33.30031844,33.03526837,32.9434213,33.17524143,33.31889339,52.39347687,52.35316836,52.23758187,52.36892419,52.53276318,52.19211247,51.97797718,51.97798529,52.21696602,52.04709397,27.00021811,26.79669469,26.79669469,26.80812557,26.9139231,15.46038278,15.72880362,15.72565414,15.68440301,15.65422564,13.88739015,13.91031723,14.1589399,14.53850939,14.95809891,57.5949196,53.9217222,52.66297179,53.07848031,53.44291506,81.90604115,82.01286937,81.7300477,81.61501666,81.53804846,20.22072553,20.10484159,19.89478704,20.26210554,20.22843905
NOR,Norway,41.83113975,41.86339991,41.70050822,41.67412683,41.65416815,69.26520155,69.61812653,69.35551386,69.37143679,69.43667547,43.85491326,43.8114964,43.81392487,43.83372837,43.84309445,31.00517056,30.91482629,30.91394802,30.92144751,30.928947,21.59604439,21.57437089,21.44333499,21.43264661,21.42288362,20.40820454,20.37300048,20.26185645,20.16384251,20.05555287,93.17000112,92.54724691,91.96138651,91.81320779,91.78558832,87.78959821,87.86833371,87.86345469,87.91847708,87.97349947,27.61416569,27.99043906,27.72667599,27.73631351,27.74428539
OMN,Oman,33.68318384,33.66899141,33.95091093,34.30927394,34.60014087,45.47910582,45.84098995,46.00642601,46.17655976,46.37679718,58.24125058,54.52509766,54.52514602,57.55008296,60.22570307,36.83727452,36.83727452,36.83727452,36.83727452,36.83727452,15.58114492,15.76303488,15.75083155,15.66515996,15.59101729,12.46987169,12.56721536,12.80017264,13.08390986,13.33483116,60.66107326,59.14377542,60.24523776,60.3133855,60.10495665,84.34384815,85.33136191,85.86973988,86.62129711,87.22763954,17.082449,17.93933375,18.31582315,18.31582287,18.31582274
PAK,Pakistan,24.77803073,24.83503593,24.88969285,25.03574084,25.17285478,34.50292207,34.90169364,35.55369182,36.04271875,36.59040259,56.50966335,56.35385342,56.3539955,56.41515632,56.45983799,24.52966361,24.53832108,24.53832108,24.68840953,24.75137174,11.92923286,11.89428294,11.86676223,11.86197153,11.84356531,5.61079997,5.482790373,5.635319809,5.767502701,5.879284463,32.64464758,32.97700831,32.7847665,32.63574966,32.65602458,77.36315769,77.35291581,77.43919669,77.62066619,77.7483765,17.5744051,18.02501052,17.64486316,17.7403214,17.83577964
PLW,Palau,32.23254612,32.55140103,33.02622756,33.22497881,33.44543605,42.26072845,42.58191743,42.79353178,43.0556083,43.30715253,31.68016613,32.20992595,32.28106033,31.92047701,31.92047701,31.68156814,31.69608741,31.70943587,31.87304043,32.03664499,31.44289738,32.12105769,32.31309843,32.55517593,32.81438708,12.51889834,13.30833469,13.67870589,14.11865297,14.55566975,56.45296759,56.15446399,59.73151478,60.09695341,60.31981698,79.0243778,78.9413671,78.97192245,78.98534918,78.9725697,15.64189152,15.30151412,15.49735064,15.53755922,15.5376772
PAN,Panama,34.28558089,34.61311447,34.79371889,34.96152447,35.08314028,48.59212461,48.73254971,48.84262045,48.73001772,48.59466084,41.96034217,42.00945439,42.00946401,42.04366937,42.07787473,29.32201417,29.22319547,29.22319547,29.3104517,29.3150359,23.46617415,23.51574159,23.61606909,23.79483894,23.97360879,12.15127017,12.97434948,13.38105339,13.62414516,13.87809941,58.53151098,59.04874525,58.79377945,58.72331662,58.53469464,85.14265489,85.24368748,85.31221957,85.29328193,85.22234453,22.47462722,22.42406678,22.59916896,22.89210689,23.06878146
PNG,Papua New Guinea,24.78360224,24.88718287,25.03600379,24.90343193,24.97086374,33.74301725,34.26875643,34.14036562,34.45553723,34.46556612,46.59966559,46.60152451,46.60188106,46.06307729,45.5277112,21.5799832,21.59184259,21.59940891,21.69778282,21.77810417,17.84927604,17.9277382,17.78672854,17.76433996,17.77651568,4.436164402,4.564829586,4.718350216,4.870763926,5.022900661,43.52183548,42.19356378,42.50073976,41.88529957,41.83422667,75.57648102,75.62522524,75.99040383,75.62048537,75.55360712,16.10554845,16.34386538,16.57162497,15.67469268,15.67469268
PRY,Paraguay,28.27015586,28.59848045,28.77946192,28.95864659,29.15841283,49.04092042,49.2989925,49.51590282,49.64442083,49.76614287,54.48295854,54.64127663,54.64134206,54.76814778,54.96778816,27.03889604,27.13613301,27.13613301,27.1487107,27.19400497,11.70786552,11.66218327,11.63518881,11.63518881,11.63518881,8.77316298,9.179789557,9.346733363,9.740318528,10.14823446,43.27028042,43.75752699,45.86764519,45.72344707,46.07197803,73.69798976,73.95910107,73.85761714,73.75613321,73.65464929,17.24003319,17.66769291,17.39852033,17.53051505,17.53051505
PER,Peru,30.99828499,31.09901495,31.36356962,31.64897189,31.90811227,48.90304884,49.26632481,49.38298223,49.49897552,49.64022401,47.93628967,47.52552948,47.52562499,47.55242731,47.57922962,28.3310796,28.36436839,28.36436839,28.63258223,28.80927121,15.48383595,15.4979757,15.46521408,15.73296643,16.00071878,9.501482421,9.755170143,10.2887646,10.65164735,11.02563396,50.6531331,51.38101496,53.51475782,53.37666171,53.2903506,82.35559235,82.50701855,82.45786552,82.54182163,82.62577774,20.91551287,20.55509181,20.03091546,20.22993943,20.329106
PHL,Philippines,29.49882787,29.67886555,29.53558221,29.67239563,29.88434272,43.09995528,43.24121306,43.51692696,43.71098132,43.98524791,51.60362141,51.17781188,51.17793103,51.22266452,51.26320597,27.50606967,27.5824192,27.5824192,27.72216872,27.86290166,12.72031812,12.75540534,12.78174427,12.80002945,12.81831462,9.059693098,9.717103305,9.832160169,10.02199379,10.34559651,50.95348578,49.9249825,47.5624629,47.0371814,47.06778215,79.95089541,80.22553822,80.40322559,80.66172118,81.01460789,19.96382931,19.86574192,19.61616539,19.89147963,20.02336135
POL,Poland,38.8235734,38.89741167,39.01597839,39.33370741,39.64797537,60.0272077,60.5937013,60.69353645,61.00933417,61.12795788,51.16081759,51.09527622,51.09531581,50.94193447,50.77006454,31.98397238,32.03014784,32.03014784,32.13619629,32.21729674,18.31947169,18.26560697,18.32860009,18.34503597,18.36147184,16.88222928,16.99091026,18.11227538,19.12390722,20.29027343,75.06200939,74.59366435,71.85579452,72.11312435,72.2508363,81.13459269,81.20228018,81.24449801,81.29126609,81.33803416,27.89825533,28.11107985,27.89327307,27.89327307,27.89327307
PRT,Portugal,38.56281669,38.93615129,38.95932438,39.13398266,39.37004905,68.70538757,68.77719838,68.74355329,69.27171826,69.76883968,47.86206199,47.87138595,47.87144026,47.88979155,47.90814283,30.10194715,30.32358821,30.32358821,30.32358821,30.32358821,14.83304243,14.8643269,14.80627438,14.8362153,14.8528217,18.26579473,19.32122089,20.02779925,20.79786833,21.68194469,76.81928253,79.08748637,79.05666608,78.48821181,78.48821181,87.30701665,86.80420984,86.37395374,85.94413139,85.74808276,27.18848382,26.83457486,26.26648484,26.27182702,26.27484531
QAT,Qatar,39.07626335,39.45154785,40.04951096,40.45873033,40.81342197,49.01640763,49.19916901,49.31939487,49.44494408,49.578401,52.7002599,51.26533905,51.26526167,51.2626119,51.26253326,47.10668379,47.10668379,47.10668379,47.10668379,47.10668379,28.77402423,30.3212438,32.34612224,33.37717266,34.41176937,15.53446375,16.03700248,16.12132232,16.74504539,17.36876847,67.7145487,67.43239085,66.55213065,67.2220819,67.2220819,82.0812623,83.33049851,83.78070845,83.85157235,83.88464729,17.98227226,18.07613169,19.11284827,19.08682981,19.08000535
ROU,Romania,34.15094509,34.31744662,34.10449606,34.23366379,34.30170203,52.22559279,52.61230527,52.27664055,52.20484574,52.06732295,54.0430635,53.87117903,53.87126138,53.46280312,53.42491053,29.555269,29.59808785,29.59808785,29.59136952,29.66046908,15.6563789,15.68687455,15.70375289,15.68105715,15.68336108,13.77644744,14.25993823,14.33741782,14.67293214,15.02907987,54.39441482,52.35462972,51.04280945,51.27680417,51.51079889,80.58012826,80.5196381,80.31218331,80.21984995,80.12751658,23.46133572,24.31651281,23.78889262,24.13261585,23.8773866
RUS,Russian Federation,32.92614999,33.03489739,33.478158,33.62228907,33.85339942,59.26582307,59.97198251,60.25341662,60.49583145,60.7184617,46.49767034,45.75076491,45.75070593,45.74772833,45.7454534,33.82292639,33.83090816,33.83090816,33.83482965,33.83482965,14.43851142,14.68745759,15.42601414,15.39578723,15.73207923,16.18864366,16.62980852,16.99587241,17.47823957,17.99398215,39.80951871,38.27777342,38.85764104,38.49887771,38.29891777,77.46419022,77.55484958,77.22137293,77.05552003,76.84214968,20.56175247,21.07335945,21.50741254,21.84780599,22.03363614
RWA,Rwanda,23.79394933,24.32384435,25.0617768,25.24195109,25.42341939,40.94196149,40.93768519,41.25219019,41.49150689,41.73294401,61.14353824,61.2425493,61.2427285,61.27248044,61.31079933,15.27601244,15.36402892,15.33507602,15.52378119,15.49493974,10.64541613,10.54707322,13.24799515,13.24799515,13.24768752,4.927214836,5.509214546,5.614544279,5.689532854,5.755870704,54.23427339,54.63375657,54.51759426,55.77159809,57.02560191,69.60935105,69.65602977,69.70691555,70.13933367,70.54816012,13.56742695,14.38582059,14.21118083,14.16314464,14.35023875
LCA,Saint Lucia,33.51713464,33.59314142,33.48914378,33.69979695,33.83875605,50.24556757,50.40640443,50.32409263,50.3501354,50.37364014,44.38395687,44.40207053,44.40357586,44.41858266,44.43809515,24.73862108,24.72163067,24.69476015,24.69476015,24.69476015,24.17253836,24.12861813,23.81136268,23.8868022,23.93350291,12.56292156,12.18220433,12.39967605,12.63096064,12.86224523,66.74616334,67.58723018,67.5596506,68.09137822,68.22463639,82.72283635,82.09031919,81.79571842,81.55686352,81.26130896,17.21754313,17.97314041,17.57199562,17.97633222,18.22231032
WSM,Samoa,30.41266678,31.0054943,31.34581361,31.40045887,31.54255037,46.56396107,46.55838091,46.70215911,46.60108544,46.61623285,39.67885104,39.68791766,39.73235253,39.71431896,39.70968728,26.23355218,26.78407508,26.7862779,26.88429999,26.94182505,24.12257872,25.59589551,26.53150461,25.99286813,25.69980959,6.177212882,6.590619556,6.797023565,7.051166554,7.402078349,66.36192746,67.34698639,67.66101428,67.30412301,66.93867013,83.02294721,83.11535676,83.42282573,83.58924933,83.75567293,18.3923187,18.27596964,18.42208196,18.42208584,18.42208972
SMR,San Marino,36.5388007,36.53555081,36.68877629,36.6070013,36.66246996,47.57964892,47.30445439,47.18801061,47.20551415,47.26593747,44.14107608,44.13896448,44.14667578,44.16678013,44.1698536,26.32461053,26.4532933,26.49110976,26.50153601,26.5092644,25.16120159,25.12010008,25.10806247,25.07499969,25.04190752,17.82306748,18.09543299,18.22224655,18.45061016,18.66779121,63.1387885,62.21860043,62.25084585,62.33800031,62.3718085,85.59207511,85.52313027,85.40586148,85.3552704,85.31572686,23.71180285,23.76441773,24.45614116,23.70930595,23.70959163
STP,Sao Tome and Principe,25.88456996,25.97893184,26.26107153,26.58672389,26.72820066,41.76835294,42.76925954,42.89817623,43.3019176,43.71721236,46.43691576,46.68598327,46.75597775,46.72353267,46.703952,19.29522145,19.33824097,19.33654809,19.44745972,19.55837136,15.76990846,14.29318364,15.22992946,15.22992946,15.22992946,6.1699456,6.854073383,6.807777271,6.985549317,7.172952034,47.37309993,47.44365291,48.66974694,48.51337295,48.42049795,75.80673697,75.80673187,75.80665859,75.80657606,75.80649356,15.41051077,15.25005805,15.24666816,16.21608881,16.2662531
SAU,Saudi Arabia,34.56255018,34.73870257,35.09484861,34.62963273,34.73397398,52.69653627,52.89769191,53.15520095,53.21540466,53.40440235,70.16208977,66.21172471,66.2116878,67.63378459,68.51368983,37.63635974,37.63636191,37.63636191,37.78498644,37.97592954,16.43832767,15.86054046,17.03323171,16.02132947,16.0385956,13.73208705,14.24299987,13.82218602,13.80786274,13.74127867,49.24711798,48.13010922,51.2600159,49.99151663,50.072041,80.65216684,81.28227872,81.50834688,81.70198021,81.88788325,16.32160997,18.20527839,17.66055382,16.83095843,16.87192141
SEN,Senegal,25.75171724,25.89791762,26.02920063,26.15871873,26.30686404,37.08866207,37.69069455,37.62380172,38.23015814,39.20989141,51.24528446,51.57310698,51.57325264,51.60515813,51.60132447,23.44121382,23.48479074,23.48479074,24.05010211,24.23880818,9.098130073,9.065272535,9.205021045,9.119733731,9.005811303,6.437871921,6.683258352,6.867070592,7.08747864,7.321438455,52.94924007,53.0130085,52.30078141,52.04948188,51.77680403,78.5492281,78.54860927,78.5774836,78.6073527,78.64200894,17.81879217,17.57051789,17.79959664,17.47278409,17.42110884
SYC,Seychelles,34.33274316,35.25512854,35.3019982,35.57780869,35.68032835,47.08972248,47.04893833,46.43162402,46.32993225,46.30848524,32.98668706,32.99043059,32.99411657,32.93846724,32.88343905,26.89861614,26.84901103,26.80976143,26.92850004,26.98846253,38.07197585,40.55760409,42.53865416,42.51598052,42.56290304,15.17570149,15.54114582,15.7272008,16.62092472,17.13541161,58.54559473,63.30446797,62.14334587,62.28822801,62.03216976,79.55554692,79.56370332,79.6453149,79.45450765,79.45450765,17.16937113,18.03879963,17.73621466,17.86176826,17.78088985
SLE,Sierra Leone,21.2148325,20.6313104,20.88456384,21.41361002,21.61912552,36.77511749,37.37214661,38.17319736,39.01826489,39.55686316,63.7359063,63.17142179,63.16938175,63.16806885,63.16675596,14.58960009,14.48377416,14.59889796,13.96969158,13.49079,11.07452604,9.416803814,10.06602929,10.03829002,10.02065666,4.928448612,5.246167174,5.753342026,6.177219397,6.692864255,38.38170364,38.82388189,39.47966542,39.59574033,39.92512077,76.08220799,76.16486334,76.1870039,76.13793399,76.08886408,7.528223406,6.571504238,5.901811032,6.868539822,6.948349344
SGP,Singapore,44.22135743,44.4059178,44.40918266,44.43012829,44.4615515,76.11942416,76.70913259,76.62661291,76.98558411,77.48376057,43.25547405,43.25546236,43.25541909,43.26126706,43.26201861,36.80580688,36.79993122,36.79993122,36.88265473,36.9292084,29.00176642,29.18035985,29.39625336,29.40454511,29.41867775,20.98136496,21.21205728,20.97733064,21.02693516,21.076607,91.44821918,92.00310509,91.87127373,92.41315983,92.87006821,92.62443602,92.34689026,92.52019329,92.53008654,92.53997979,23.41232942,23.54472235,23.66228095,23.38204498,23.1505028
SVK,Slovakia,36.99591373,37.04694156,37.08459239,37.28617134,37.47901593,60.71468573,61.88753158,60.32622177,60.63317706,60.8406745,47.00069595,46.9887504,46.98877797,46.99533518,46.99533518,32.97680857,32.97951634,32.97951634,32.9463193,32.97194032,17.38085804,17.36701591,17.36580598,17.36416873,17.36262037,16.20937203,16.53792938,16.84394123,17.25034008,17.86053558,71.53591382,70.55268722,71.21943811,72.15230467,72.1529775,79.4009567,79.56972496,79.76135617,79.95298739,80.14461861,23.30430384,22.94614806,23.02893139,23.02893139,23.02893139
SVN,Slovenia,39.52169765,39.59160914,39.74254584,39.89354173,40.05115993,73.54318962,72.09901446,71.40376532,71.61448327,71.82520121,41.93778057,41.94897701,41.94902025,41.93155098,41.9140817,32.69930989,32.82704474,32.82704474,32.91284088,32.97068635,19.9254365,19.99384991,19.98679449,20.02054066,20.03557616,19.33623842,19.90971023,19.99985617,20.4971615,21.02446089,75.13810719,75.01108942,76.37316141,76.2450125,76.2450125,80.28481134,80.52190504,80.37291037,80.44775061,80.52259086,25.39362847,25.28959391,25.79587509,25.78806325,25.79289603
SLB,Solomon Islands,25.91714478,26.09405664,25.92266524,26.11532174,26.21136479,39.12170739,39.20362557,39.18826117,39.89116561,39.96625929,44.93563105,44.62773209,44.62769009,44.66929009,44.71089009,21.24240208,21.2329929,21.23685165,21.23989321,21.23989321,20.4636497,20.79206023,20.70886018,20.711849,20.68241594,4.999755132,5.234728415,5.233861325,5.389988989,5.545497286,46.01518341,47.36922621,48.2663723,47.5435437,46.90587792,80.93942836,81.0085676,81.0539916,81.0539916,81.0539916,14.30513136,13.8538863,12.94759792,13.28777405,13.46215202
SOM,Somalia,17.62756863,18.42780462,19.06708339,19.20357562,19.36798669,29.97088382,30.32125319,30.02036307,30.51897075,31.04991411,72.23384855,72.99280598,72.99290894,72.83890332,72.58755625,16.30575,16.29758801,16.4240426,16.33480901,16.19703537,15.31251394,15.26548926,15.3589958,15.31630377,15.27361175,4.192065389,4.24319783,4.389188784,4.492273384,4.597478097,5.469711032,7.569963991,7.39129442,7.584026622,7.904787153,74.76130492,74.77700649,74.73310427,74.88116865,74.96339953,10.06102966,10.05477496,13.0351744,13.0351744,13.0351744
ZAF,South Africa,33.19375311,34.04211522,33.72389901,34.04645745,34.05110846,47.89738223,48.34854181,48.84126363,49.2959881,49.77894534,63.99304195,63.63541341,63.63541264,63.73341423,63.70178094,29.30515049,29.26720091,29.26720091,29.29019708,29.34572527,13.06042631,15.1608593,15.34176065,15.39389734,14.8984932,10.63625837,11.20305236,10.71527259,11.03837397,11.3267712,59.86863512,59.32967348,59.35068519,59.75047932,59.71120881,82.33073638,82.15316279,82.01276024,81.94580929,81.86079426,23.96375095,24.19426482,22.98527496,23.58047529,23.54656862
ESP,Spain,40.84650583,40.77055751,40.8746533,40.92444661,41.01889164,67.93985245,68.07162531,68.1003123,68.13503285,68.14005275,49.37825554,49.26454972,49.26456409,49.1930976,49.12162782,31.53339879,31.66127114,31.66127114,31.64154135,31.63628952,19.29220252,19.47158471,19.55739832,19.54504467,19.54717492,19.10189494,19.5874043,19.99555771,20.45381632,20.91807877,73.22835388,73.32981193,74.78906571,74.13586352,73.5532943,86.75819414,86.20100762,85.84869406,85.66651999,85.51047634,31.2867264,29.82449628,29.2148834,29.21996955,29.4295326
LKA,Sri Lanka,30.29120923,30.97337669,30.67793087,31.18934402,31.43899385,47.09201486,47.26146954,47.35975943,47.35646469,47.36075925,48.94168111,48.97148927,48.97153292,49.13183877,49.16078324,26.84844459,27.16645561,27.16645561,27.61375211,27.81086974,16.91305751,17.01963582,15.56901344,16.77224763,16.78301781,8.390764511,9.114614294,9.234400812,9.614574413,10.07258707,49.48835022,52.97478747,52.62692019,51.86646727,52.07449179,79.69131436,80.00916319,80.24542762,80.4255131,80.60559858,20.46680144,20.48931371,20.50804609,20.71955256,20.77283427
SUR,Suriname,31.12521921,30.58918005,30.92423647,31.25621507,31.53816675,45.6012521,45.75100358,45.68850889,45.74821615,45.80486953,38.21132206,36.81792641,36.81759479,36.81874729,36.82259412,29.69356675,29.72526636,29.72526636,29.62612801,29.62616468,22.61721835,22.60379844,21.99058942,22.29770583,22.59363195,12.14904687,11.87326962,12.74691323,13.47467641,14.19612707,52.37783336,52.01972503,52.19667186,52.86791964,52.85829543,72.39870629,72.72130137,72.81955062,72.86486115,72.92542412,16.33835834,15.0791038,15.6989651,15.7719044,15.84316888
TJK,Tajikistan,23.32266824,23.30971312,23.35961635,23.46794106,23.5497671,41.64465454,41.60138295,41.59758823,41.72326437,41.77805371,56.37453937,56.42049153,56.42060077,56.44511455,56.46852625,24.24760494,24.32169639,24.32169639,24.6282984,24.65833347,12.74400984,12.69793825,12.8774466,12.89520625,12.89520625,6.542977145,6.721611151,6.9987672,7.246993454,7.487732852,32.079526,30.72242203,29.42370394,29.13321779,28.91250036,38.04691333,38.59853988,38.10458216,37.97234143,37.96569876,15.11074533,15.08426002,15.3709275,15.34330332,15.34330332
TZA,"Tanzania, United Republic of",23.55037757,23.83960181,23.89421652,24.05891338,24.21778646,41.25032481,41.62964553,41.11291723,41.15818789,41.25985815,59.78252151,60.1341583,59.93772243,59.77418469,59.61251619,17.5650027,17.58854597,17.5526911,17.60943543,17.66617977,12.4398719,12.38454001,11.97736719,11.92110519,11.85131805,4.871475383,5.152744129,5.302145885,5.458320982,5.614578572,41.02967994,41.27140679,41.79116076,42.05837713,42.35377598,68.17783956,68.21872702,68.69101171,69.15934329,69.48453319,12.88591873,13.18762985,13.47481262,13.69032527,13.90604524
THA,Thailand,33.24234222,33.80270739,34.19891303,34.6031248,34.9874882,52.20877487,52.99790538,54.02531903,54.96552964,55.86538109,50.57544777,50.32214389,50.32217722,50.36674996,50.45063176,29.80630718,29.88954653,29.88954653,29.948924,30.00830147,17.1108371,17.00693039,17.04346668,17.09315109,17.14261946,10.35654607,10.95125058,12.04218884,12.78481252,13.60346016,48.89773203,48.40003953,48.61231116,49.02010265,49.0829933,88.57418272,88.76453694,88.69392769,88.72116976,88.74835078,24.68649593,26.7239015,26.02068989,26.08489019,26.13565727
TGO,Togo,21.52798667,21.55435898,21.90790963,21.69208579,21.85487047,37.55867333,38.04162855,38.38832278,38.935273,39.50072313,69.77692415,70.65604897,70.65640979,70.71213779,70.7678658,7.944761702,8.005323887,8.005323887,8.102684797,8.200045707,11.22183277,9.734761005,9.663570333,8.296361328,8.078314882,4.712770334,4.9818892,5.329877125,5.731482441,6.104610258,36.84778965,38.00596801,39.95530579,39.62509193,39.43261811,78.26070372,78.91868471,79.0961601,79.18275371,79.26934733,14.52877937,14.88478413,15.01389057,14.72952906,14.72952906
TON,Tonga,32.48501176,32.61824422,32.86246163,32.935151,32.9522255,47.55195393,47.5463687,47.57844054,47.3606176,47.35154495,53.47047955,53.46945358,53.46982286,53.51151108,53.5531993,28.51075182,28.50743484,28.50991525,28.57049705,28.60143392,23.57492774,23.9749363,23.98835475,23.98961761,23.98961357,7.87088293,8.282167651,8.429046436,8.582171904,8.779277126,56.66194019,54.8966488,57.05218824,56.97264713,55.83167346,81.53794987,81.68521975,81.93864217,81.93864217,81.93864217,19.95483122,19.8569529,19.84019257,19.89386688,19.89386688
TTO,Trinidad and Tobago,36.20914816,36.21807087,36.30924139,36.51619704,36.67540941,47.48615941,47.55483517,47.7696754,47.94412504,48.12023076,45.87008137,43.81892356,43.8186108,45.35785767,45.5977394,41.22486787,41.22460953,41.22460953,41.22637549,41.2256947,24.44120261,24.32193066,23.7666231,23.76713475,23.76713475,15.3639276,16.00576168,16.1484034,16.48284677,16.85110209,57.62949074,57.67184162,57.74912402,57.71002972,57.63906231,78.55820011,78.8520745,79.03237993,79.03237993,79.03237993,19.35661915,19.4687578,19.98584091,19.73585024,19.83506658
TUN,Tunisia,32.80855138,32.81057306,32.88298473,33.05729697,33.23887032,55.80199508,55.93335935,56.10987359,56.42773428,56.81438029,58.24916843,57.84042247,57.84039196,57.96893058,58.0056051,28.41694355,28.44201547,28.44201547,28.48956189,28.51525517,15.714357,15.45507341,15.81798847,15.80744944,15.81871791,10.07536714,10.31737817,10.46512868,10.81615225,11.21979678,50.4314906,50.27302864,49.97261054,49.83328033,49.64420876,83.45738704,83.5231356,83.63939118,83.74988398,83.75060668,21.80999348,21.80045391,21.40426076,21.445035,21.48580925
TKM,Turkmenistan,25.35500113,25.34173922,25.46273913,25.67317613,25.88125654,39.74118266,39.86630582,40.08989193,40.23690538,40.47171914,64.59863531,63.05132821,63.06052546,63.06052546,63.05915165,33.95200072,33.95202596,33.95202596,34.06824056,34.18445515,13.78520553,13.8193588,14.44939488,14.46429623,14.47458786,7.827283339,8.261289431,8.730702976,9.214053151,9.69945575,25.55189817,24.65355941,22.05473699,22.54550093,22.82412068,53.13205221,53.37565312,53.1581418,52.52290743,52.05452807,13.37751704,13.26682037,13.91913516,13.83401592,13.83401623
TUV,Tuvalu,32.29103547,32.7918416,33.05026743,33.29746027,33.54710385,36.3534956,36.46900966,36.49618228,36.7706348,36.83446331,51.75076815,51.75072914,51.75128281,51.62572767,51.62572767,28.28844382,28.29500911,28.31168758,28.33161466,28.35154173,27.23742205,26.55334195,26.47357936,26.48961211,26.50623197,9.088155341,10.58744078,11.00408111,11.54031723,12.08462604,57.56221018,58.4129879,59.70100828,59.97211222,60.53878932,86.4548153,86.53862096,86.73572521,86.8398781,86.94403098,18.03081463,17.6175943,17.64897074,17.64770919,17.64770919
UGA,Uganda,23.82517301,23.97604257,24.44685364,24.65704054,24.91429186,35.89841514,36.50964805,37.18866667,37.85741725,38.48472827,62.8945302,63.63116701,63.6314064,63.77968318,63.87159185,16.89974224,16.97561176,17.00567825,17.02072916,17.03578006,11.37409432,11.38803116,12.0011364,12.0011364,12.0011364,5.08124512,5.096663005,5.461674549,5.693573075,5.975178643,41.32840231,41.85663692,42.01178656,41.85502503,41.94679307,69.94431243,70.00987941,70.03571121,70.17491118,70.29502003,16.28666929,16.2801654,16.43875066,16.56453864,16.7661599
ARE,United Arab Emirates,40.83666674,41.370941,41.67557153,41.98453829,42.29501927,52.90495373,53.84555907,54.03827745,54.2083403,54.30843275,52.85541189,50.36707126,50.36706299,50.98726914,51.36902466,40.22452283,40.2251011,40.2251011,40.05447042,39.84030292,31.82439552,33.00905542,33.27651596,34.06132273,34.84527188,17.10570551,17.83964939,18.38634202,19.0017031,19.70467957,70.81289311,70.79735987,70.56873186,70.75046672,70.21538179,86.52077397,87.36665388,88.01086314,88.3282077,88.58209247,20.61539678,21.59669444,21.87386208,21.56023207,21.57402434
GBR,United Kingdom,45.5893889,45.57436973,46.17300174,46.17118954,46.18143892,71.51000743,71.34069623,71.39429967,71.56210723,71.72988122,56.17926196,56.04062557,56.04064973,56.04846301,56.04853906,33.13908182,33.09537357,33.09537357,33.09175706,33.10087332,23.69147248,23.36667042,23.58358229,23.2293083,23.03133792,25.79484063,26.25803922,26.55624084,26.66277845,26.79893315,88.88861483,90.07901213,87.81476547,88.87855446,89.23924951,89.34450872,89.15746205,89.23528006,89.31286332,89.3905857,28.87938467,28.54416395,31.789989,31.64821185,31.57558884
USA,United States of America,50.54606522,49.9113573,52.63662575,50.38073801,50.50563733,78.44848575,78.5482415,78.67899473,78.73092472,78.82915994,48.87934134,48.71715399,48.71717389,48.70654016,48.69590644,38.29135807,38.26428048,38.26428048,38.21482052,38.20674997,45.75017773,45.00319822,45.47355829,45.57258545,45.60292738,22.77409101,23.3619295,23.61253202,23.99721068,24.42884257,83.46164668,83.82852167,83.74285275,83.38385046,83.41205523,91.89013623,91.58710279,91.79562024,91.79562024,91.79562024,36.3160383,32.5840377,48.6741839,33.83634185,33.84176473
URY,Uruguay,35.34436492,35.71342568,35.80669766,35.90902988,36.04974328,55.09753443,55.05116491,55.23547277,55.3396911,55.44381476,61.28287003,61.26785201,61.2677682,61.26765783,61.26758804,28.10384331,27.92619603,27.92619603,27.92984055,27.97512183,12.11126373,13.10229147,13.10741691,13.07594006,13.07594006,17.41122072,17.71230327,17.87935915,18.44687438,18.94744063,74.55449164,74.2615096,74.73247059,74.07368253,74.08762249,79.83939924,79.99459796,79.8887662,79.95491148,80.02105676,20.44629994,20.37954123,20.43563418,20.43563418,20.43563418
UZB,Uzbekistan,25.88664042,26.09603443,26.43734042,26.85219179,27.17516359,44.80844318,44.87897861,45.17013979,45.34650583,45.55766296,64.51428898,63.41074357,63.41110133,64.01661193,63.78816059,29.62618638,29.62123012,29.62123012,29.5789042,29.54225771,13.89062359,13.88231726,13.95557505,13.95557505,13.95557505,7.862130958,8.879910705,9.890639628,10.90345295,11.94664846,29.24219322,28.62428865,29.51968161,29.47264656,29.43686855,50.99640274,51.13507427,51.04325097,50.59543856,50.23248571,14.45780982,14.14044494,13.52384467,13.8732125,14.0527733
VUT,Vanuatu,29.21609817,29.30748557,29.27804753,29.41247228,29.44469973,41.03384682,40.97781759,41.02671254,41.1291065,41.23150047,46.24212348,46.23704354,46.23704325,46.22369684,46.21403267,23.22975581,22.97250666,22.97636695,23.03953038,23.07153638,25.17599148,24.97238685,24.22197922,24.21515508,24.18055865,5.85415527,6.260885963,6.42447056,6.567692087,6.712572866,58.51669724,54.34880098,55.62609711,56.20761525,55.5038142,79.83550502,79.83939873,80.1623165,80.26326682,80.37843508,17.49147252,18.43224091,17.8526603,17.82184421,17.74842411
VNM,Viet Nam,30.87776299,31.00310244,31.15916948,31.42875375,31.71256913,50.42818986,50.5703946,50.57915403,50.73542408,50.93222857,51.62566032,51.24753613,51.24771992,51.44007222,51.66638418,26.89650787,27.03405677,27.03405677,27.19404596,27.35897417,14.73231395,14.71698811,14.56630648,14.72682518,14.83759007,10.37442926,10.42939146,10.67616125,11.10089316,11.53279588,44.53828702,45.97630141,47.69732543,47.60473277,47.72002745,84.58787372,85.5777204,86.06276666,86.32596108,86.71120997,20.49533129,20.17381509,19.86349927,19.96512262,20.06674596
YEM,Yemen,24.39219628,24.06682551,23.24050941,23.284898,23.27717638,37.07961728,37.24031171,37.24163504,37.37420421,37.50305824,58.02531167,55.81286624,55.81162608,55.27842645,54.74203217,24.74549188,24.65755527,24.65755527,25.04709067,25.10729117,14.85799019,14.6933063,14.46443438,14.42291057,14.38110728,6.36191443,6.468976227,6.491600092,6.661353038,6.819655713,21.72620773,19.16197006,14.11438586,13.62782115,13.05883252,74.52941339,74.52941339,74.52941339,74.53352923,74.53658339,15.37796652,16.17818797,16.81197796,17.11261311,17.51565207
ZMB,Zambia,23.55840339,23.89035083,24.53250471,24.05481789,24.24278038,37.04273277,37.55107476,38.00738534,38.36594365,38.74684975,57.04101264,56.80064473,56.80052808,56.88377627,56.93217735,17.97058606,17.97386693,17.97386693,17.97945874,18.01600154,11.21907171,11.45265721,14.11012548,11.62601148,11.59001175,5.550076228,5.837643957,6.111556623,6.248363985,6.582838832,49.0767014,49.25684998,47.4721133,47.34836566,47.43599607,54.66849233,54.80361662,54.58539424,54.58539424,54.58539424,14.95705225,15.3371032,15.13127432,15.21693399,15.19585847
